timestamp,timeIntervalSince1970,latitude,longitude,altitude,horizontalAccuracy,verticalAccuracy,speed,course,speedLimit,isMatched
2022-03-03 02:03:46.611 +0000,1646273027,37.328418,127.095049,87.766388,40,4.419293,-1,-1,50,Y
2022-03-03 02:03:53.840 +0000,1646273034,37.328418,127.095049,87.766388,40,4.419293,-1,-1,50,N
2022-03-03 02:03:54.257 +0000,1646273034,37.328416,127.0951,87.76638,40,4.37261,-1,-1,50,N
2022-03-03 02:03:56.978 +0000,1646273037,37.328414,127.095114,87.76638,40,4.254962,-1,-1,50,N
2022-03-03 02:03:57.386 +0000,1646273037,37.328547,127.095494,76.786034,16,3,0.630898,-1,50,N
2022-03-03 02:03:58.386 +0000,1646273038,37.328545,127.095496,86.723638,32,3,-1,-1,50,N
2022-03-03 02:03:59.386 +0000,1646273039,37.328541,127.0955,87.717398,32,3,-1,-1,50,N
2022-03-03 02:04:00.386 +0000,1646273040,37.328495,127.095535,76.786034,32,3,0.179814,-1,50,N
2022-03-03 02:04:01.386 +0000,1646273041,37.328492,127.095517,76.786034,16,3,0.142515,-1,50,N
2022-03-03 02:04:02.386 +0000,1646273042,37.32851,127.095519,116.802663,12.001812,42.485374,0.046093,-1,50,N
2022-03-03 02:04:03.386 +0000,1646273043,37.328493,127.095514,86.723638,12.001812,3,0.025642,-1,50,N
2022-03-03 02:04:03.991 +0000,1646273044,37.328493,127.095514,86.723638,8.001208,3,0,-1,50,N
2022-03-03 02:04:04.991 +0000,1646273045,37.328493,127.095514,86.723638,8.001208,3,0,-1,50,N
2022-03-03 02:04:05.991 +0000,1646273046,37.328493,127.095514,86.723638,8.001208,3,0,-1,50,N
2022-03-03 02:04:06.992 +0000,1646273047,37.328493,127.095514,86.723638,8.001208,3,0,-1,50,N
2022-03-03 02:04:07.993 +0000,1646273048,37.328493,127.095514,86.723638,12.001812,3,0,-1,50,N
2022-03-03 02:04:08.993 +0000,1646273049,37.328493,127.095514,86.723638,12.001812,3,0,-1,50,N
2022-03-03 02:04:09.994 +0000,1646273050,37.328493,127.095514,86.723638,8.001208,3,0,-1,50,N
2022-03-03 02:04:10.994 +0000,1646273051,37.328493,127.095514,86.723638,8.001208,3,0,-1,50,N
2022-03-03 02:04:11.994 +0000,1646273052,37.328493,127.095514,86.723638,8.001208,3,0,-1,50,N
2022-03-03 02:04:12.995 +0000,1646273053,37.328493,127.095514,86.723638,8.001208,3,0,-1,50,N
2022-03-03 02:04:13.995 +0000,1646273054,37.328493,127.095514,86.723638,12.001812,3,0,-1,50,N
2022-03-03 02:04:14.996 +0000,1646273055,37.328493,127.095514,86.723638,12.001812,3,0,-1,50,N
2022-03-03 02:04:15.996 +0000,1646273056,37.328493,127.095514,86.723638,12.001812,3,0,-1,50,N
2022-03-03 02:04:16.996 +0000,1646273057,37.328493,127.095514,86.723638,12.001812,3,0,-1,50,N
2022-03-03 02:04:17.996 +0000,1646273058,37.328473,127.095524,87.827816,12.001812,3,0.067328,-1,50,N
2022-03-03 02:04:18.997 +0000,1646273059,37.328483,127.095528,87.827816,8.001208,3,0.233134,-1,50,N
2022-03-03 02:04:19.997 +0000,1646273060,37.328483,127.095541,87.827816,8.001208,3,0.22841,-1,50,N
2022-03-03 02:04:20.997 +0000,1646273061,37.328485,127.09551,87.827816,8.001208,3,0.447705,-1,50,N
2022-03-03 02:04:21.997 +0000,1646273062,37.328491,127.095534,87.827816,8.001208,3,0.927166,-1,50,N
2022-03-03 02:04:22.998 +0000,1646273063,37.328498,127.09556,87.827816,8.001208,3,0.927166,-1,50,N
2022-03-03 02:04:23.998 +0000,1646273064,37.32851,127.095574,87.827816,8.001208,3,0.927166,64.987344,50,N
2022-03-03 02:04:24.998 +0000,1646273065,37.328517,127.095583,87.827816,8.001208,3,0.670135,57.784896,50,N
2022-03-03 02:04:25.998 +0000,1646273066,37.328521,127.095588,87.827816,8.001208,3,0.670135,57.072921,50,N
2022-03-03 02:04:26.998 +0000,1646273067,37.328524,127.095578,87.827816,6.000906,3,0.514094,53.016044,50,N
2022-03-03 02:04:27.998 +0000,1646273068,37.328529,127.095562,87.827816,6.000906,3,0.514094,359.438377,50,N
2022-03-03 02:04:28.999 +0000,1646273069,37.328541,127.095549,87.827816,6.000906,3,0.921555,356.760287,50,N
2022-03-03 02:04:29.999 +0000,1646273070,37.328551,127.095537,87.827816,6.000906,3,0.921555,357.341291,50,N
2022-03-03 02:04:30.999 +0000,1646273071,37.328557,127.095514,87.827816,8.001208,3,0.644593,358.673232,50,N
2022-03-03 02:04:31.999 +0000,1646273072,37.328567,127.095504,87.827816,8.001208,3,0.644593,5.267517,50,N
2022-03-03 02:04:32.999 +0000,1646273073,37.328583,127.095496,87.827816,8.001208,3,1.731178,2.38788,50,N
2022-03-03 02:04:33.999 +0000,1646273074,37.328596,127.095509,87.827816,8.001208,3,1.731178,358.526001,50,N
2022-03-03 02:04:34.999 +0000,1646273075,37.328601,127.095524,87.827816,8.001208,3,0.040367,357.440984,50,N
2022-03-03 02:04:35.999 +0000,1646273076,37.328605,127.095514,87.827816,8.001208,3,0.156393,355.063942,50,N
2022-03-03 02:04:36.999 +0000,1646273077,37.328603,127.095492,87.827816,8.001208,3,0.138926,356.071476,50,N
2022-03-03 02:04:37.999 +0000,1646273078,37.328602,127.09547,87.827816,6.000906,3,0.070053,355.598609,50,N
2022-03-03 02:04:38.999 +0000,1646273079,37.328601,127.095453,87.827816,6.000906,3,0.048408,355.43187,50,N
2022-03-03 02:04:40.000 +0000,1646273080,37.328599,127.095446,87.827816,8.001208,3,0.070155,355.36906,50,N
2022-03-03 02:04:41.000 +0000,1646273081,37.328598,127.09544,87.827816,8.001208,3,0.033033,355.125605,50,N
2022-03-03 02:04:42.000 +0000,1646273082,37.328597,127.095438,87.827816,8.001208,3,0.031428,355.148008,50,N
2022-03-03 02:04:43.000 +0000,1646273083,37.328595,127.095437,87.827816,8.001208,3,0.071669,355.127927,50,N
2022-03-03 02:04:44.000 +0000,1646273084,37.328595,127.095443,87.827816,8.001208,3,0.093544,355.132735,50,N
2022-03-03 02:04:45.000 +0000,1646273085,37.328594,127.095452,87.827816,8.001208,3,0.026938,355.237128,50,N
2022-03-03 02:04:46.000 +0000,1646273086,37.328593,127.095459,87.827816,8.001208,3,0.029805,355.250515,50,N
2022-03-03 02:04:47.000 +0000,1646273087,37.328593,127.095462,87.827816,8.001208,3,0.196406,353.960019,50,N
2022-03-03 02:04:48.000 +0000,1646273088,37.328593,127.095458,87.827816,8.001208,3,0.196406,354.649677,50,N
2022-03-03 02:04:49.000 +0000,1646273089,37.328601,127.095465,87.827816,6.000906,3,1.187739,356.996912,50,N
2022-03-03 02:04:50.000 +0000,1646273090,37.328615,127.09548,87.827816,6.000906,3,1.793238,355.193797,50,N
2022-03-03 02:04:51.000 +0000,1646273091,37.328631,127.095485,87.827816,6.000906,3,1.793238,24.989456,50,N
2022-03-03 02:04:52.000 +0000,1646273092,37.328652,127.095511,87.827816,6.000906,3,2.332853,26.18964,50,N
2022-03-03 02:04:53.000 +0000,1646273093,37.328689,127.095532,87.827816,4.000604,3,5.425132,37.432223,50,Y
2022-03-03 02:04:54.000 +0000,1646273094,37.328743,127.095553,87.827816,4.000604,3,6.997111,36.879371,50,N
2022-03-03 02:04:55.000 +0000,1646273095,37.328809,127.095581,87.827816,4.000604,3,6.997111,38.320346,50,N
2022-03-03 02:04:56.000 +0000,1646273096,37.328897,127.095602,87.827816,4.000604,3,7.843484,43.936596,50,N
2022-03-03 02:04:57.000 +0000,1646273097,37.328953,127.095687,87.827816,6.000906,3,10.274035,42.998791,50,N
2022-03-03 02:04:58.000 +0000,1646273098,37.329025,127.095765,87.827816,4.000604,3,10.712006,42.998791,50,N
2022-03-03 02:04:59.000 +0000,1646273099,37.329101,127.095847,87.827816,4.000604,3,10.712006,42.998791,50,Y
2022-03-03 02:05:00.000 +0000,1646273100,37.329179,127.095932,87.827816,4.000604,3,11.350119,42.998791,50,N
2022-03-03 02:05:01.000 +0000,1646273101,37.329261,127.096017,87.827816,4.000604,3,12.176088,42.998791,50,N
2022-03-03 02:05:02.000 +0000,1646273102,37.32934,127.096117,87.827816,6.000906,3,12.843876,42.998791,50,N
2022-03-03 02:05:03.000 +0000,1646273103,37.329423,127.096221,87.827816,6.000906,3,12.843876,42.998791,50,N
2022-03-03 02:05:04.000 +0000,1646273104,37.329512,127.096328,87.827816,6.000906,3,13.503654,42.998791,50,Y
2022-03-03 02:05:05.000 +0000,1646273105,37.329603,127.096437,87.654884,4.000604,3,14.019764,42.998791,50,N
2022-03-03 02:05:06.000 +0000,1646273106,37.329695,127.096548,87.476106,4.000604,3,14.390214,42.998791,50,N
2022-03-03 02:05:07.000 +0000,1646273107,37.329789,127.096663,87.390257,4.000604,3,14.390214,43.642662,50,N
2022-03-03 02:05:08.001 +0000,1646273108,37.329886,127.096779,87.188368,6.000906,3,14.785677,43.640667,50,Y
2022-03-03 02:05:09.001 +0000,1646273109,37.329985,127.096897,86.961855,6.000906,3,15.095586,43.640667,50,N
2022-03-03 02:05:10.001 +0000,1646273110,37.330087,127.097014,86.516512,6.000906,3,15.387444,43.640667,50,N
2022-03-03 02:05:11.001 +0000,1646273111,37.330191,127.097133,85.945245,6.000906,3,15.387444,43.640667,50,N
2022-03-03 02:05:12.001 +0000,1646273112,37.330293,127.097252,85.01487,6.000906,3,15.387444,43.640667,50,Y
2022-03-03 02:05:13.001 +0000,1646273113,37.330392,127.097367,83.773562,6.000906,3,14.557823,43.640667,50,N
2022-03-03 02:05:14.001 +0000,1646273114,37.330489,127.097482,82.784787,6.000906,3,14.651302,43.640667,50,N
2022-03-03 02:05:15.001 +0000,1646273115,37.330581,127.09759,81.793758,6.000906,3,14.557823,43.640667,50,N
2022-03-03 02:05:16.001 +0000,1646273116,37.330662,127.097693,80.931579,6.000906,3,13.460666,43.640667,50,Y
2022-03-03 02:05:17.001 +0000,1646273117,37.33075,127.097776,80.368781,4.000604,3,12.220052,43.640667,50,N
2022-03-03 02:05:18.001 +0000,1646273118,37.33085,127.097837,80.014854,4.000604,3,12.220052,359.690216,50,N
2022-03-03 02:05:19.001 +0000,1646273119,37.330955,127.097866,79.793566,4.000604,3,12.179316,359.690216,50,N
2022-03-03 02:05:20.001 +0000,1646273120,37.331066,127.097883,79.655332,6.000906,3,12.179316,359.690216,50,N
2022-03-03 02:05:21.001 +0000,1646273121,37.331181,127.097866,79.568999,6.000906,3,12.80796,359.690216,50,Y
2022-03-03 02:05:22.001 +0000,1646273122,37.331298,127.097865,79.515074,6.000906,3,12.80796,359.690216,50,N
2022-03-03 02:05:23.001 +0000,1646273123,37.331418,127.097864,79.481399,6.000906,3,12.80796,359.690216,50,N
2022-03-03 02:05:24.001 +0000,1646273124,37.331545,127.097863,79.385465,6.000906,3,13.475319,359.690216,50,N
2022-03-03 02:05:25.001 +0000,1646273125,37.331674,127.097862,78.993993,6.000906,3,14.38203,359.690216,50,Y
2022-03-03 02:05:26.001 +0000,1646273126,37.331804,127.097861,78.405509,6.000906,3,14.38203,359.690216,50,N
2022-03-03 02:05:27.001 +0000,1646273127,37.331927,127.09786,78.003572,6.000906,3,14.020049,359.690216,50,N
2022-03-03 02:05:28.001 +0000,1646273128,37.332043,127.09786,77.749096,6.000906,3,13.177786,359.690216,50,N
2022-03-03 02:05:29.001 +0000,1646273129,37.332158,127.097808,77.589822,6.000906,3,11.014096,359.690216,50,Y
2022-03-03 02:05:30.001 +0000,1646273130,37.332252,127.097795,77.490309,6.000906,3,11.014096,359.690216,50,N
2022-03-03 02:05:31.001 +0000,1646273131,37.332333,127.09779,77.428159,6.000906,3,9.241892,359.690216,50,N
2022-03-03 02:05:32.001 +0000,1646273132,37.332404,127.097788,77.389342,6.000906,3,8.058781,359.690216,50,N
2022-03-03 02:05:33.001 +0000,1646273133,37.332464,127.097787,77.365094,6.000906,3,5.755896,359.690216,50,N
2022-03-03 02:05:34.001 +0000,1646273134,37.332511,127.097787,77.349953,6.000906,3,5.755896,359.690216,50,N
2022-03-03 02:05:35.001 +0000,1646273135,37.332536,127.097786,77.340494,6.000906,3,3.771196,359.690216,50,N
2022-03-03 02:05:36.001 +0000,1646273136,37.332545,127.097786,77.334591,6.000906,3,0.068375,359.690216,50,N
2022-03-03 02:05:37.001 +0000,1646273137,37.332547,127.097785,77.330904,6.000906,3,0.032229,359.690216,50,N
2022-03-03 02:05:38.001 +0000,1646273138,37.332549,127.097784,77.328599,6.000906,3,0.044648,359.690216,50,N
2022-03-03 02:05:39.001 +0000,1646273139,37.33255,127.097784,77.32716,6.000906,3,0.064611,359.690216,50,N
2022-03-03 02:05:40.001 +0000,1646273140,37.332552,127.097785,77.32626,6.000906,3,0.0232,359.690216,50,N
2022-03-03 02:05:41.001 +0000,1646273141,37.332552,127.097784,77.325697,6.000906,3,0.022556,359.690216,50,N
2022-03-03 02:05:42.001 +0000,1646273142,37.332553,127.097786,77.325345,6.000906,3,0.180102,359.690216,50,N
2022-03-03 02:05:43.001 +0000,1646273143,37.332552,127.09779,77.325131,8.001208,3,0.110643,359.690216,50,N
2022-03-03 02:05:44.001 +0000,1646273144,37.332551,127.097794,77.324993,8.001208,3,0.211644,359.690216,50,N
2022-03-03 02:05:45.001 +0000,1646273145,37.332551,127.0978,77.324904,6.000906,3,0.137664,359.690216,50,N
2022-03-03 02:05:46.001 +0000,1646273146,37.33255,127.097812,77.324854,6.000906,3,0.145505,359.690216,50,N
2022-03-03 02:05:47.001 +0000,1646273147,37.332549,127.097824,77.324821,6.000906,3,0.207912,359.690216,50,N
2022-03-03 02:05:48.001 +0000,1646273148,37.332549,127.097852,77.324797,8.001208,3,0.178341,359.690216,50,N
2022-03-03 02:05:49.001 +0000,1646273149,37.332549,127.097863,77.324788,8.001208,3,0.030766,359.690216,50,N
2022-03-03 02:05:50.001 +0000,1646273150,37.332547,127.097856,77.32478,8.001208,3,0.164782,359.690216,50,N
2022-03-03 02:05:51.001 +0000,1646273151,37.332547,127.097856,77.324773,8.001208,3,0.129123,359.690216,50,N
2022-03-03 02:05:52.001 +0000,1646273152,37.332547,127.097856,77.324773,8.001208,3,0,359.690216,50,N
2022-03-03 02:05:53.001 +0000,1646273153,37.332547,127.097856,77.324773,12.001812,3,0,359.690216,50,N
2022-03-03 02:05:54.001 +0000,1646273154,37.332547,127.097856,77.324773,8.001208,3,0,359.690216,50,N
2022-03-03 02:05:55.001 +0000,1646273155,37.332547,127.097856,77.324773,6.000906,3,0,359.690216,50,N
2022-03-03 02:05:56.001 +0000,1646273156,37.332547,127.097856,77.324773,8.001208,3,0,359.690216,50,N
2022-03-03 02:05:57.001 +0000,1646273157,37.332547,127.097856,77.324773,8.001208,3,0,359.690216,50,N
2022-03-03 02:05:58.001 +0000,1646273158,37.332547,127.097856,77.324773,8.001208,3,0,359.690216,50,N
2022-03-03 02:05:59.001 +0000,1646273159,37.332547,127.097856,77.324773,8.001208,3,0,359.690216,50,N
2022-03-03 02:06:00.001 +0000,1646273160,37.332547,127.097856,77.324773,8.001208,3,0,359.690216,50,N
2022-03-03 02:06:01.001 +0000,1646273161,37.332547,127.097856,77.324773,6.000906,3,0,359.690216,50,N
2022-03-03 02:06:02.001 +0000,1646273162,37.332547,127.097856,77.324773,6.000906,3,0,359.690216,50,N
2022-03-03 02:06:03.001 +0000,1646273163,37.332547,127.097856,77.324773,6.000906,3,0,359.690216,50,N
2022-03-03 02:06:04.001 +0000,1646273164,37.332547,127.097856,77.324773,6.000906,3,0,359.690216,50,N
2022-03-03 02:06:05.001 +0000,1646273165,37.332547,127.097856,77.324773,8.001208,3,0,359.690216,50,N
2022-03-03 02:06:06.001 +0000,1646273166,37.332547,127.097856,77.324773,8.001208,3,0,359.690216,50,N
2022-03-03 02:06:07.001 +0000,1646273167,37.332547,127.097856,77.324773,8.001208,3,0,359.690216,50,N
2022-03-03 02:06:08.001 +0000,1646273168,37.332547,127.097856,77.324773,8.001208,3,0,359.690216,50,N
2022-03-03 02:06:09.001 +0000,1646273169,37.332547,127.097856,77.324773,8.001208,3,0,359.690216,50,N
2022-03-03 02:06:10.001 +0000,1646273170,37.332547,127.097856,77.324773,8.001208,3,0,359.690216,50,N
2022-03-03 02:06:11.001 +0000,1646273171,37.332547,127.097856,77.324773,8.001208,3,0,359.690216,50,N
2022-03-03 02:06:12.001 +0000,1646273172,37.332547,127.097856,77.324773,8.001208,3,0,359.690216,50,N
2022-03-03 02:06:13.001 +0000,1646273173,37.332547,127.097856,77.324773,8.001208,3,0,359.690216,50,N
2022-03-03 02:06:14.001 +0000,1646273174,37.332547,127.097856,77.324773,8.001208,3,0,359.690216,50,N
2022-03-03 02:06:15.001 +0000,1646273175,37.332547,127.097856,77.324773,8.001208,3,0,359.690216,50,N
2022-03-03 02:06:16.001 +0000,1646273176,37.332547,127.097856,77.324773,12.001812,3,0,359.690216,50,N
2022-03-03 02:06:17.001 +0000,1646273177,37.332547,127.097856,77.324773,12.001812,3,0,359.690216,50,N
2022-03-03 02:06:18.001 +0000,1646273178,37.332547,127.097856,77.324773,12.001812,3,0,359.690216,50,N
2022-03-03 02:06:19.001 +0000,1646273179,37.332547,127.097856,77.324773,8.001208,3,0,359.690216,50,N
2022-03-03 02:06:20.001 +0000,1646273180,37.332547,127.097856,77.324773,8.001208,3,0,359.690216,50,N
2022-03-03 02:06:21.001 +0000,1646273181,37.332547,127.097856,77.324773,8.001208,3,0,359.690216,50,N
2022-03-03 02:06:22.001 +0000,1646273182,37.332547,127.097856,77.324773,8.001208,3,0,359.690216,50,N
2022-03-03 02:06:23.001 +0000,1646273183,37.332547,127.097856,77.324773,8.001208,3,0,359.690216,50,N
2022-03-03 02:06:24.001 +0000,1646273184,37.332547,127.097856,77.324773,8.001208,3,0,359.690216,50,N
2022-03-03 02:06:25.001 +0000,1646273185,37.332547,127.097856,77.324773,8.001208,3,0,359.690216,50,N
2022-03-03 02:06:26.001 +0000,1646273186,37.332547,127.097856,77.324773,8.001208,3,0,359.690216,50,N
2022-03-03 02:06:27.001 +0000,1646273187,37.332547,127.097856,77.324773,8.001208,3,0,359.690216,50,N
2022-03-03 02:06:28.001 +0000,1646273188,37.332547,127.097856,77.324773,8.001208,3,0,359.690216,50,N
2022-03-03 02:06:29.001 +0000,1646273189,37.332547,127.097856,77.324773,12.001812,3,0,359.690216,50,N
2022-03-03 02:06:30.001 +0000,1646273190,37.332547,127.097856,77.324773,8.001208,3,0,359.690216,50,N
2022-03-03 02:06:31.001 +0000,1646273191,37.332547,127.097856,77.324773,8.001208,3,0,359.690216,50,N
2022-03-03 02:06:32.001 +0000,1646273192,37.332547,127.097856,77.324773,6.000906,3,0,359.690216,50,N
2022-03-03 02:06:33.001 +0000,1646273193,37.332547,127.097856,77.324773,6.000906,3,0,359.690216,50,N
2022-03-03 02:06:34.001 +0000,1646273194,37.332547,127.097856,77.324773,6.000906,3,0,359.690216,50,N
2022-03-03 02:06:35.001 +0000,1646273195,37.332547,127.097856,77.324773,6.000906,3,0,359.690216,50,N
2022-03-03 02:06:36.001 +0000,1646273196,37.332547,127.097856,77.324773,8.001208,3,0,359.690216,50,N
2022-03-03 02:06:37.001 +0000,1646273197,37.332547,127.097856,77.324773,8.001208,3,0,359.690216,50,N
2022-03-03 02:06:38.001 +0000,1646273198,37.332547,127.097856,77.324773,8.001208,3,0,359.690216,50,N
2022-03-03 02:06:39.001 +0000,1646273199,37.332547,127.097856,77.324773,16.002417,3,0,359.690216,50,N
2022-03-03 02:06:40.001 +0000,1646273200,37.332547,127.097856,77.324773,16.002417,3,0,359.690216,50,N
2022-03-03 02:06:41.001 +0000,1646273201,37.332547,127.097856,77.324773,12.001812,3,0,359.690216,50,N
2022-03-03 02:06:42.001 +0000,1646273202,37.332547,127.097856,77.324773,8.001208,3,0,359.690216,50,N
2022-03-03 02:06:43.001 +0000,1646273203,37.332547,127.097856,77.324773,6.000906,3,0,359.690216,50,N
2022-03-03 02:06:44.001 +0000,1646273204,37.332547,127.097856,77.324773,6.000906,3,0,359.690216,50,N
2022-03-03 02:06:45.001 +0000,1646273205,37.332547,127.097856,77.324773,6.000906,3,0,359.690216,50,N
2022-03-03 02:06:46.001 +0000,1646273206,37.332563,127.097856,77.324764,6.000906,3,0.11801,359.690216,50,N
2022-03-03 02:06:47.001 +0000,1646273207,37.332564,127.097856,77.324764,12.001812,3,0.11801,359.690216,50,N
2022-03-03 02:06:48.001 +0000,1646273208,37.332573,127.097856,77.324764,12.001812,3,0.482571,359.690216,50,N
2022-03-03 02:06:49.001 +0000,1646273209,37.332591,127.097856,77.324764,8.001208,3,2.934155,359.690216,50,N
2022-03-03 02:06:50.001 +0000,1646273210,37.332625,127.097856,77.324764,8.001208,3,4.101228,359.690216,50,Y
2022-03-03 02:06:51.001 +0000,1646273211,37.332671,127.097855,77.324764,8.001208,3,4.101228,359.690216,50,N
2022-03-03 02:06:52.001 +0000,1646273212,37.332733,127.097855,77.324764,8.001208,3,5.792494,359.690216,50,N
2022-03-03 02:06:53.001 +0000,1646273213,37.332806,127.097855,77.324764,8.001208,3,8.355794,359.690216,50,N
2022-03-03 02:06:54.001 +0000,1646273214,37.332883,127.097854,77.292004,6.000906,3,9.020636,359.690216,50,N
2022-03-03 02:06:55.001 +0000,1646273215,37.332968,127.097853,77.173029,6.000906,3,9.020636,359.690216,50,N
2022-03-03 02:06:56.001 +0000,1646273216,37.333072,127.09781,76.992601,6.000906,3,9.717104,359.690216,50,N
2022-03-03 02:06:57.001 +0000,1646273217,37.333174,127.097812,77.011108,6.000906,3,12.117486,359.690216,50,Y
2022-03-03 02:06:58.001 +0000,1646273218,37.333284,127.097811,77.031382,8.001208,3,12.363442,359.690216,50,N
2022-03-03 02:06:59.001 +0000,1646273219,37.333398,127.097813,77.047238,8.001208,3,12.363442,0.314427,50,N
2022-03-03 02:07:00.001 +0000,1646273220,37.333516,127.097818,76.909201,6.000906,3,12.824091,0.314427,50,N
2022-03-03 02:07:01.001 +0000,1646273221,37.333637,127.097823,76.539351,6.000906,3,13.495411,0.314427,50,Y
2022-03-03 02:07:02.001 +0000,1646273222,37.333762,127.097795,76.071846,6.000906,3,13.857127,0.314427,50,N
2022-03-03 02:07:03.001 +0000,1646273223,37.33389,127.09779,75.756212,6.000906,3,13.857127,0.314427,50,N
2022-03-03 02:07:04.001 +0000,1646273224,37.334019,127.097789,75.556716,6.000906,3,14.166245,0.314427,50,N
2022-03-03 02:07:05.001 +0000,1646273225,37.334146,127.097789,75.431881,6.000906,3,14.043523,0.314427,50,Y
2022-03-03 02:07:06.001 +0000,1646273226,37.334271,127.097788,75.353899,6.000906,3,14.043523,0.314427,50,N
2022-03-03 02:07:07.001 +0000,1646273227,37.334396,127.097789,75.305183,6.000906,3,14.02528,359.695587,50,N
2022-03-03 02:07:08.001 +0000,1646273228,37.334524,127.097793,75.274762,8.001208,3,14.02528,359.695587,50,N
2022-03-03 02:07:09.001 +0000,1646273229,37.334652,127.097797,75.255762,8.001208,3,14.242002,359.695587,50,Y
2022-03-03 02:07:10.001 +0000,1646273230,37.334783,127.097798,75.243899,8.001208,3,14.242002,359.695587,50,N
2022-03-03 02:07:11.001 +0000,1646273231,37.334911,127.097796,75.236484,8.001208,3,14.180481,359.64035,50,N
2022-03-03 02:07:12.001 +0000,1646273232,37.335033,127.09779,75.231857,6.000906,3,13.921484,359.640381,50,N
2022-03-03 02:07:13.001 +0000,1646273233,37.33515,127.09779,75.228963,6.000906,3,12.665737,359.640381,50,Y
2022-03-03 02:07:14.001 +0000,1646273234,37.335261,127.097784,75.227156,6.000906,3,12.665737,359.669312,50,N
2022-03-03 02:07:15.001 +0000,1646273235,37.33536,127.097782,75.226028,6.000906,3,11.601377,359.669312,50,N
2022-03-03 02:07:16.001 +0000,1646273236,37.335442,127.097781,75.225325,6.000906,3,10.1483,359.669312,50,N
2022-03-03 02:07:17.001 +0000,1646273237,37.335501,127.09778,75.224883,6.000906,3,5.166028,359.669312,50,N
2022-03-03 02:07:18.001 +0000,1646273238,37.335537,127.097778,75.224613,6.000906,3,5.166028,359.669312,50,N
2022-03-03 02:07:19.001 +0000,1646273239,37.335557,127.097778,75.224441,6.000906,3,2.722307,359.669312,50,N
2022-03-03 02:07:20.001 +0000,1646273240,37.335566,127.097777,75.224328,6.000906,3,0.065041,359.669312,50,N
2022-03-03 02:07:21.001 +0000,1646273241,37.335568,127.097777,75.224262,6.000906,3,0.489785,359.669312,50,N
2022-03-03 02:07:22.001 +0000,1646273242,37.335572,127.097779,75.224221,6.000906,3,0.117087,359.669312,50,N
2022-03-03 02:07:23.001 +0000,1646273243,37.335577,127.097777,75.224032,6.000906,3,0.143478,359.669312,50,N
2022-03-03 02:07:24.001 +0000,1646273244,37.335582,127.097797,75.224061,6.000906,3,0.219164,359.669312,50,N
2022-03-03 02:07:25.001 +0000,1646273245,37.335584,127.097797,75.224098,6.000906,3,0.28727,359.669312,50,N
2022-03-03 02:07:26.001 +0000,1646273246,37.335588,127.097797,75.224115,6.000906,3,0.28727,359.669312,50,N
2022-03-03 02:07:27.001 +0000,1646273247,37.335592,127.097797,75.224131,6.000906,3,0.193988,359.669312,50,N
2022-03-03 02:07:28.001 +0000,1646273248,37.335592,127.097797,75.224139,8.001208,3,0.100369,359.669312,50,N
2022-03-03 02:07:29.001 +0000,1646273249,37.335592,127.097797,75.224147,8.001208,3,0.09269,359.669312,50,N
2022-03-03 02:07:30.001 +0000,1646273250,37.335594,127.097797,75.224148,8.001208,3,0.146132,359.669312,50,N
2022-03-03 02:07:31.001 +0000,1646273251,37.335597,127.097777,75.224148,8.001208,3,0.070404,359.669312,50,N
2022-03-03 02:07:32.001 +0000,1646273252,37.335598,127.097778,75.224155,6.000906,3,0.247444,359.669312,50,N
2022-03-03 02:07:33.001 +0000,1646273253,37.335601,127.097778,75.224155,6.000906,3,0.088366,359.669312,50,Y
2022-03-03 02:07:34.001 +0000,1646273254,37.335602,127.097777,75.224135,6.000906,3,0.208367,359.669312,50,N
2022-03-03 02:07:35.001 +0000,1646273255,37.335602,127.097777,75.22414,6.000906,3,0.079937,359.669312,50,N
2022-03-03 02:07:36.001 +0000,1646273256,37.335601,127.097776,75.224147,8.001208,3,0.043071,359.669312,50,N
2022-03-03 02:07:37.001 +0000,1646273257,37.335601,127.097776,75.224147,8.001208,3,0,359.669312,50,N
2022-03-03 02:07:38.001 +0000,1646273258,37.335601,127.097776,75.224147,8.001208,3,0,359.669312,50,N
2022-03-03 02:07:39.001 +0000,1646273259,37.335601,127.097776,75.224147,8.001208,3,0,359.669312,50,N
2022-03-03 02:07:40.001 +0000,1646273260,37.335601,127.097776,75.224147,8.001208,3,0,359.669312,50,N
2022-03-03 02:07:41.001 +0000,1646273261,37.335601,127.097776,75.224147,8.001208,3,0,359.669312,50,N
2022-03-03 02:07:42.001 +0000,1646273262,37.335605,127.097797,75.224155,8.001208,3,0.204498,359.669312,50,N
2022-03-03 02:07:43.001 +0000,1646273263,37.335608,127.097797,75.224155,8.001208,3,0.204498,359.669312,50,N
2022-03-03 02:07:44.001 +0000,1646273264,37.335615,127.097797,75.224155,8.001208,3,0.470398,359.669312,50,N
2022-03-03 02:07:45.001 +0000,1646273265,37.335625,127.097797,75.224155,8.001208,3,1.338608,359.669312,50,N
2022-03-03 02:07:46.001 +0000,1646273266,37.335647,127.097779,75.224155,8.001208,3,3.238306,359.669312,50,N
2022-03-03 02:07:47.001 +0000,1646273267,37.335685,127.097776,75.223215,8.001208,3,3.238306,359.669312,50,N
2022-03-03 02:07:48.002 +0000,1646273268,37.335735,127.097775,75.223471,8.001208,3,4.810481,359.669312,50,N
2022-03-03 02:07:49.002 +0000,1646273269,37.335792,127.097795,75.223716,8.001208,3,6.773682,359.669312,50,N
2022-03-03 02:07:50.002 +0000,1646273270,37.335854,127.097795,75.223878,8.001208,3,7.117185,359.669312,50,N
2022-03-03 02:07:51.002 +0000,1646273271,37.335918,127.097795,75.223983,8.001208,3,6.853114,359.669312,50,N
2022-03-03 02:07:52.002 +0000,1646273272,37.335981,127.097794,75.224049,8.001208,3,6.853114,359.669312,50,N
2022-03-03 02:07:53.002 +0000,1646273273,37.336032,127.097794,75.22409,8.001208,3,7.105462,318.27504,50,N
2022-03-03 02:07:54.002 +0000,1646273274,37.336168,127.097642,75.224115,8.484166,3,8.587657,269.423706,30,Y
2022-03-03 02:07:55.002 +0000,1646273275,37.336167,127.097556,75.224131,4.000604,3,7.622372,269.423706,30,N
2022-03-03 02:07:56.002 +0000,1646273276,37.336166,127.097475,75.217767,4.000604,3,7.622372,269.423706,30,N
2022-03-03 02:07:57.002 +0000,1646273277,37.336166,127.097401,75.219527,6.000906,3,6.058653,269.423706,30,N
2022-03-03 02:07:58.002 +0000,1646273278,37.336155,127.097338,75.2212,8.001208,3,6.058653,269.423706,30,N
2022-03-03 02:07:59.002 +0000,1646273279,37.336152,127.097282,75.222301,8.001208,3,4.722738,269.423706,30,N
2022-03-03 02:08:00.002 +0000,1646273280,37.33615,127.097243,75.222995,8.001208,3,4.256795,269.423706,30,N
2022-03-03 02:08:01.002 +0000,1646273281,37.336149,127.097211,75.223435,8.001208,3,2.629974,269.423706,30,N
2022-03-03 02:08:02.002 +0000,1646273282,37.336148,127.09718,75.248912,6.000906,3,2.629974,269.423706,30,N
2022-03-03 02:08:03.002 +0000,1646273283,37.336164,127.097159,75.335712,6.000906,3,1.864195,269.423706,30,N
2022-03-03 02:08:04.002 +0000,1646273284,37.336164,127.097146,75.442568,6.000906,3,1.396936,269.423706,30,N
2022-03-03 02:08:05.002 +0000,1646273285,37.336164,127.097134,75.54453,6.000906,3,0.45833,269.423706,30,N
2022-03-03 02:08:06.002 +0000,1646273286,37.336164,127.097131,75.638442,8.001208,3,0.45833,269.423706,30,N
2022-03-03 02:08:07.002 +0000,1646273287,37.336164,127.097121,75.70755,8.001208,3,0.45833,269.423706,30,N
2022-03-03 02:08:08.002 +0000,1646273288,37.336163,127.097105,75.77354,8.001208,3,0.883527,269.423706,30,N
2022-03-03 02:08:09.002 +0000,1646273289,37.336163,127.097076,75.853596,8.001208,3,2.749399,269.423706,30,Y
2022-03-03 02:08:10.002 +0000,1646273290,37.336163,127.097037,75.971582,8.001208,3,3.429898,269.423706,30,N
2022-03-03 02:08:11.002 +0000,1646273291,37.336163,127.096993,76.140458,8.001208,3,3.429898,269.423706,30,N
2022-03-03 02:08:12.002 +0000,1646273292,37.336162,127.096954,76.353252,8.001208,3,3.429898,269.423706,30,N
2022-03-03 02:08:13.002 +0000,1646273293,37.336162,127.096916,76.585689,8.001208,3,3.441381,269.423706,30,N
2022-03-03 02:08:14.002 +0000,1646273294,37.336162,127.096882,76.772052,8.001208,3,3.441381,269.423706,30,N
2022-03-03 02:08:15.002 +0000,1646273295,37.336161,127.096844,76.903978,8.001208,3,3.441381,269.423706,30,N
2022-03-03 02:08:16.002 +0000,1646273296,37.336144,127.096794,77.000632,8.001208,3,3.648087,269.423706,30,N
2022-03-03 02:08:17.002 +0000,1646273297,37.33616,127.096729,77.077246,8.001208,3,5.825272,269.423706,30,N
2022-03-03 02:08:18.002 +0000,1646273298,37.33616,127.096652,77.146904,8.001208,3,6.746702,269.423706,30,N
2022-03-03 02:08:19.002 +0000,1646273299,37.336159,127.09657,77.211356,8.001208,3,6.746702,269.423706,30,N
2022-03-03 02:08:20.002 +0000,1646273300,37.33616,127.096482,77.253699,8.001208,3,6.992622,270.595337,30,Y
2022-03-03 02:08:21.002 +0000,1646273301,37.336161,127.096397,77.280359,8.001208,3,7.33826,270.595337,30,N
2022-03-03 02:08:22.002 +0000,1646273302,37.336161,127.096307,77.297026,8.001208,3,7.682708,270.595337,30,N
2022-03-03 02:08:23.002 +0000,1646273303,37.336162,127.096221,77.506121,12.001812,3,7.33826,270.595337,30,N
2022-03-03 02:08:24.002 +0000,1646273304,37.336163,127.096143,77.862437,12.001812,3,6.708092,270.595337,30,N
2022-03-03 02:08:25.002 +0000,1646273305,37.336163,127.096069,78.302399,12.001812,3,5.50061,270.595337,30,N
2022-03-03 02:08:26.002 +0000,1646273306,37.336164,127.096,78.631676,12.001812,3,5.50061,270.595337,30,N
2022-03-03 02:08:27.002 +0000,1646273307,37.336165,127.095933,78.8354,8.001208,3,5.308241,270.595337,30,N
2022-03-03 02:08:28.002 +0000,1646273308,37.336165,127.095867,78.962683,8.001208,3,5.281969,270.595337,30,Y
2022-03-03 02:08:29.002 +0000,1646273309,37.336166,127.095801,79.043801,8.001208,3,4.753099,270.595337,30,N
2022-03-03 02:08:30.002 +0000,1646273310,37.336166,127.095746,79.109866,8.001208,3,4.753099,270,30,N
2022-03-03 02:08:31.002 +0000,1646273311,37.336166,127.095697,79.166611,8.001208,3,3.924256,270,30,N
2022-03-03 02:08:32.002 +0000,1646273312,37.336166,127.095641,79.22077,8.001208,3,3.924256,270,30,N
2022-03-03 02:08:33.002 +0000,1646273313,37.336166,127.095582,79.273221,8.001208,3,4.807389,270,30,N
2022-03-03 02:08:34.002 +0000,1646273314,37.336166,127.095512,79.322219,8.001208,3,6.290317,270,30,N
2022-03-03 02:08:35.002 +0000,1646273315,37.336166,127.095432,79.360133,8.001208,3,6.290317,270,30,N
2022-03-03 02:08:36.002 +0000,1646273316,37.336166,127.095354,79.384551,8.001208,3,6.290317,270,30,N
2022-03-03 02:08:37.002 +0000,1646273317,37.336166,127.095278,79.399868,8.001208,3,5.384399,270,30,Y
2022-03-03 02:08:38.002 +0000,1646273318,37.336166,127.095206,79.409701,12.001812,3,5.384399,270,30,N
2022-03-03 02:08:39.002 +0000,1646273319,37.336166,127.095143,79.585573,12.001812,3,4.872896,270,30,N
2022-03-03 02:08:40.002 +0000,1646273320,37.336166,127.095083,79.861414,12.001812,3,4.620282,270,30,N
2022-03-03 02:08:41.002 +0000,1646273321,37.336166,127.095019,80.183809,12.001812,3,5.562957,270,30,N
2022-03-03 02:08:42.002 +0000,1646273322,37.336166,127.094941,80.538889,8.001208,3,7.163937,270.100159,30,N
2022-03-03 02:08:43.002 +0000,1646273323,37.336166,127.094853,80.828744,8.001208,3,7.163937,270.100159,30,N
2022-03-03 02:08:44.002 +0000,1646273324,37.336166,127.094764,81.041655,12.001812,3,7.33878,270.100159,30,N
2022-03-03 02:08:45.002 +0000,1646273325,37.336166,127.094675,81.206413,12.001812,3,7.255252,270.100159,30,Y
2022-03-03 02:08:46.002 +0000,1646273326,37.336166,127.094593,81.324685,8.001208,3,7.255252,270.100159,30,N
2022-03-03 02:08:47.002 +0000,1646273327,37.336166,127.094523,81.400095,8.001208,3,6.102036,270.100159,30,N
2022-03-03 02:08:48.002 +0000,1646273328,37.336167,127.094473,81.447345,8.001208,3,4.648607,270.100159,30,N
2022-03-03 02:08:49.002 +0000,1646273329,37.336167,127.094427,81.476865,8.001208,3,3.749045,270.100159,30,N
2022-03-03 02:08:50.002 +0000,1646273330,37.33615,127.094385,81.495307,8.001208,3,3.749045,270.100159,30,N
2022-03-03 02:08:51.002 +0000,1646273331,37.336167,127.094347,81.506826,8.001208,3,3.212198,270.100159,30,N
2022-03-03 02:08:52.002 +0000,1646273332,37.336167,127.094308,81.514021,8.001208,3,3.212198,270.100159,30,N
2022-03-03 02:08:53.002 +0000,1646273333,37.336167,127.094274,81.51851,8.001208,3,2.09249,270.100159,30,N
2022-03-03 02:08:54.002 +0000,1646273334,37.336167,127.094251,81.521321,8.001208,3,2.09249,270.100159,30,N
2022-03-03 02:08:55.002 +0000,1646273335,37.336167,127.094234,81.523071,8.001208,3,1.369574,270.100159,30,N
2022-03-03 02:08:56.002 +0000,1646273336,37.336167,127.094223,81.524166,8.001208,3,0.986316,270.100159,30,N
2022-03-03 02:08:57.002 +0000,1646273337,37.336167,127.094214,81.524846,8.001208,3,0.553102,270.100159,30,N
2022-03-03 02:08:58.002 +0000,1646273338,37.33615,127.0942,81.525278,8.001208,3,1.116486,270.100159,30,N
2022-03-03 02:08:59.002 +0000,1646273339,37.336167,127.094187,81.525541,8.001208,3,1.116486,270.100159,30,N
2022-03-03 02:09:00.002 +0000,1646273340,37.336167,127.094171,81.525711,8.001208,3,1.235103,270.100159,30,N
2022-03-03 02:09:01.002 +0000,1646273341,37.336167,127.094147,81.525811,8.001208,3,1.59953,270.100159,30,N
2022-03-03 02:09:02.002 +0000,1646273342,37.336167,127.094101,81.525876,8.001208,3,1.59953,270.100159,30,Y
2022-03-03 02:09:03.002 +0000,1646273343,37.336167,127.094085,81.525916,8.001208,3,0.773752,270.100159,30,N
2022-03-03 02:09:04.002 +0000,1646273344,37.336167,127.094078,81.525941,8.001208,3,0.103138,270.100159,30,N
2022-03-03 02:09:05.002 +0000,1646273345,37.336167,127.09407,81.525957,8.001208,3,0.397369,270.100159,30,N
2022-03-03 02:09:06.002 +0000,1646273346,37.336167,127.094059,81.525966,8.001208,3,0.397369,270.100159,30,N
2022-03-03 02:09:07.002 +0000,1646273347,37.336167,127.094051,81.525973,8.001208,3,0.243504,270.100159,30,N
2022-03-03 02:09:08.002 +0000,1646273348,37.336151,127.094045,81.525981,8.001208,3,0.178068,270.100159,30,N
2022-03-03 02:09:09.002 +0000,1646273349,37.336151,127.094037,81.525982,8.001208,3,0.053298,270.100159,30,N
2022-03-03 02:09:10.002 +0000,1646273350,37.336151,127.094028,81.525982,8.001208,3,0.19142,270.100159,30,N
2022-03-03 02:09:11.002 +0000,1646273351,37.336152,127.094023,81.525982,8.001208,3,0.187075,270.100159,30,N
2022-03-03 02:09:12.002 +0000,1646273352,37.336152,127.094018,81.525982,8.001208,3,0.19142,270.100159,30,N
2022-03-03 02:09:13.002 +0000,1646273353,37.336167,127.094004,81.525982,8.001208,3,0.1327,270.100159,30,N
2022-03-03 02:09:14.002 +0000,1646273354,37.336167,127.09399,81.525982,8.001208,3,0.300858,270.100159,30,N
2022-03-03 02:09:15.002 +0000,1646273355,37.336167,127.093977,81.525982,8.001208,3,0.300858,270.100159,30,N
2022-03-03 02:09:16.002 +0000,1646273356,37.336167,127.093972,81.525982,8.001208,3,0.118642,270.100159,30,N
2022-03-03 02:09:17.002 +0000,1646273357,37.336167,127.093972,81.525982,8.001208,3,0,270.100159,30,N
2022-03-03 02:09:18.002 +0000,1646273358,37.336167,127.093972,81.525982,8.001208,3,0,270.100159,30,N
2022-03-03 02:09:19.002 +0000,1646273359,37.336167,127.093972,81.525982,8.001208,3,0,270.100159,30,N
2022-03-03 02:09:20.002 +0000,1646273360,37.336167,127.093972,81.525982,8.001208,3,0,270.100159,30,N
2022-03-03 02:09:21.002 +0000,1646273361,37.336167,127.093972,81.525982,16.002417,3,0,270.100159,30,N
2022-03-03 02:09:22.002 +0000,1646273362,37.336167,127.093972,81.525982,16.002417,3,0,270.100159,30,N
2022-03-03 02:09:23.002 +0000,1646273363,37.336167,127.093972,81.525982,16.002417,3,0,270.100159,30,N
2022-03-03 02:09:24.002 +0000,1646273364,37.336167,127.093972,81.525982,16.002417,3,0,270.100159,30,N
2022-03-03 02:09:25.002 +0000,1646273365,37.336167,127.093972,81.525982,16.002417,3,0,270.100159,30,N
2022-03-03 02:09:26.002 +0000,1646273366,37.336167,127.093972,81.525982,16.002417,3,0,270.100159,30,N
2022-03-03 02:09:27.002 +0000,1646273367,37.336167,127.093972,81.525982,16.002417,3,0,270.100159,30,N
2022-03-03 02:09:28.002 +0000,1646273368,37.336167,127.093972,81.525982,16.002417,3,0,270.100159,30,N
2022-03-03 02:09:29.002 +0000,1646273369,37.336167,127.093972,81.525982,16.002417,3,0,270.100159,30,N
2022-03-03 02:09:30.002 +0000,1646273370,37.336167,127.093972,81.525982,16.002417,3,0,270.100159,30,N
2022-03-03 02:09:31.002 +0000,1646273371,37.336167,127.093972,81.525982,16.002417,3,0,270.100159,30,N
2022-03-03 02:09:32.002 +0000,1646273372,37.336167,127.093972,81.525982,16.002417,3,0,270.100159,30,N
2022-03-03 02:09:33.002 +0000,1646273373,37.336167,127.093972,81.525982,16.002417,3,0,270.100159,30,N
2022-03-03 02:09:34.002 +0000,1646273374,37.336167,127.093972,81.525982,16.002417,3,0,270.100159,30,N
2022-03-03 02:09:35.002 +0000,1646273375,37.336167,127.093972,81.525982,16.002417,3,0,270.100159,30,N
2022-03-03 02:09:36.002 +0000,1646273376,37.336167,127.093972,81.525982,16.002417,3,0,270.100159,30,N
2022-03-03 02:09:37.002 +0000,1646273377,37.336167,127.093972,81.525982,16.002417,3,0,270.100159,30,N
2022-03-03 02:09:38.002 +0000,1646273378,37.336167,127.093972,81.525982,16.002417,3,0,270.100159,30,N
2022-03-03 02:09:39.002 +0000,1646273379,37.336167,127.093972,81.525982,16.002417,3,0,270.100159,30,N
2022-03-03 02:09:40.002 +0000,1646273380,37.336167,127.093972,81.525982,16.002417,3,0,270.100159,30,N
2022-03-03 02:09:41.002 +0000,1646273381,37.336167,127.093972,81.525982,16.002417,3,0,270.100159,30,N
2022-03-03 02:09:42.002 +0000,1646273382,37.336167,127.093972,81.525982,16.002417,3,0,270.100159,30,N
2022-03-03 02:09:43.002 +0000,1646273383,37.336167,127.093972,81.525982,16.002417,3,0,270.100159,30,N
2022-03-03 02:09:44.002 +0000,1646273384,37.336167,127.093972,81.525982,16.002417,3,0,270.100159,30,N
2022-03-03 02:09:45.002 +0000,1646273385,37.336167,127.093972,81.525982,16.002417,3,0,270.100159,30,N
2022-03-03 02:09:46.002 +0000,1646273386,37.336167,127.093972,81.525982,16.002417,3,0,270.100159,30,N
2022-03-03 02:09:47.002 +0000,1646273387,37.336167,127.093972,81.525982,16.002417,3,0,270.100159,30,N
2022-03-03 02:09:48.002 +0000,1646273388,37.336167,127.093972,81.525982,16.002417,3,0,270.100159,30,N
2022-03-03 02:09:49.002 +0000,1646273389,37.336167,127.093972,81.525982,16.002417,3,0,270.100159,30,N
2022-03-03 02:09:50.002 +0000,1646273390,37.336167,127.093972,81.525982,16.002417,3,0,270.100159,30,N
2022-03-03 02:09:51.002 +0000,1646273391,37.336167,127.093972,81.525982,16.002417,3,0,270.100159,30,N
2022-03-03 02:09:52.002 +0000,1646273392,37.336167,127.093972,81.525982,16.002417,3,0,270.100159,30,N
2022-03-03 02:09:53.002 +0000,1646273393,37.336167,127.093972,81.525982,16.002417,3,0,270.100159,30,N
2022-03-03 02:09:54.002 +0000,1646273394,37.336167,127.093972,81.525982,16.002417,3,0,270.100159,30,N
2022-03-03 02:09:55.002 +0000,1646273395,37.336167,127.093972,81.525982,16.002417,3,0,270.100159,30,N
2022-03-03 02:09:56.002 +0000,1646273396,37.336167,127.093972,81.525982,16.002417,3,0,270.100159,30,N
2022-03-03 02:09:57.002 +0000,1646273397,37.336167,127.093972,81.525982,16.002417,3,0,270.100159,30,N
2022-03-03 02:09:58.002 +0000,1646273398,37.336167,127.093972,81.525982,16.002417,3,0,270.100159,30,N
2022-03-03 02:09:59.002 +0000,1646273399,37.336167,127.093972,81.525982,16.002417,3,0,270.100159,30,N
2022-03-03 02:10:00.002 +0000,1646273400,37.336167,127.093972,81.525982,16.002417,3,0,270.100159,30,N
2022-03-03 02:10:01.002 +0000,1646273401,37.336167,127.093972,81.525982,16.002417,3,0,270.100159,30,N
2022-03-03 02:10:02.002 +0000,1646273402,37.336167,127.093972,81.525982,16.002417,3,0,270.100159,30,N
2022-03-03 02:10:03.002 +0000,1646273403,37.336167,127.093972,81.525982,16.002417,3,0,270.100159,30,N
2022-03-03 02:10:04.002 +0000,1646273404,37.336167,127.093972,81.525982,16.002417,3,0,270.100159,30,N
2022-03-03 02:10:05.002 +0000,1646273405,37.336167,127.093972,81.525982,16.002417,3,0,270.100159,30,N
2022-03-03 02:10:06.002 +0000,1646273406,37.336167,127.093972,81.525982,16.002417,3,0,270.100159,30,N
2022-03-03 02:10:07.002 +0000,1646273407,37.336167,127.093972,81.525982,16.002417,3,0,270.100159,30,N
2022-03-03 02:10:08.002 +0000,1646273408,37.336167,127.093972,81.525982,16.002417,3,0,270.100159,30,N
2022-03-03 02:10:09.002 +0000,1646273409,37.336167,127.093972,81.525982,16.002417,3,0,270.100159,30,N
2022-03-03 02:10:10.002 +0000,1646273410,37.336167,127.093972,81.525982,16.002417,3,0,270.100159,30,N
2022-03-03 02:10:11.002 +0000,1646273411,37.336167,127.093972,81.525982,16.002417,3,0,270.100159,30,N
2022-03-03 02:10:12.002 +0000,1646273412,37.336167,127.093972,81.525982,16.002417,3,0,270.100159,30,N
2022-03-03 02:10:13.002 +0000,1646273413,37.336167,127.093972,81.525982,16.002417,3,0,270.100159,30,N
2022-03-03 02:10:14.002 +0000,1646273414,37.336151,127.093945,81.525982,16.002417,3,0.25131,270.100159,30,N
2022-03-03 02:10:15.002 +0000,1646273415,37.336151,127.093931,81.525982,16.002417,3,0.25131,270.100159,30,N
2022-03-03 02:10:16.002 +0000,1646273416,37.336151,127.093915,81.525982,16.002417,3,1.484281,270.100159,30,N
2022-03-03 02:10:17.002 +0000,1646273417,37.336151,127.093883,81.525982,16.002417,3,3.57645,270.100159,30,N
2022-03-03 02:10:18.002 +0000,1646273418,37.336151,127.093825,81.525982,16.002417,3,4.449928,270.100159,30,N
2022-03-03 02:10:19.002 +0000,1646273419,37.336151,127.093771,81.525982,16.002417,3,4.449928,270.100159,30,N
2022-03-03 02:10:20.002 +0000,1646273420,37.336168,127.093704,81.525982,16.002417,3,4.850625,270.100159,30,N
2022-03-03 02:10:21.002 +0000,1646273421,37.336168,127.093623,81.525982,16.002417,3,5.568412,270.100159,30,N
2022-03-03 02:10:22.002 +0000,1646273422,37.336151,127.093541,81.525982,16.002417,3,5.750783,270.100159,30,N
2022-03-03 02:10:23.002 +0000,1646273423,37.336153,127.093464,81.679516,16.002417,3,5.750783,270.268799,30,Y
2022-03-03 02:10:24.002 +0000,1646273424,37.336169,127.093372,81.957408,16.002417,3,5.750783,270.268799,30,N
2022-03-03 02:10:25.002 +0000,1646273425,37.336169,127.093308,82.352999,16.002417,3,4.782237,270.268799,30,N
2022-03-03 02:10:26.002 +0000,1646273426,37.336169,127.093279,82.706692,16.002417,3,4.782237,270.268799,30,N
2022-03-03 02:10:27.002 +0000,1646273427,37.336169,127.093203,82.94491,16.002417,3,4.47372,270.268799,30,N
2022-03-03 02:10:28.002 +0000,1646273428,37.336169,127.093148,83.095019,16.002417,3,4.41568,270.268799,30,N
2022-03-03 02:10:29.002 +0000,1646273429,37.33617,127.093085,83.191116,16.002417,3,4.934941,270.268799,30,N
2022-03-03 02:10:30.002 +0000,1646273430,37.33617,127.093022,83.256715,16.002417,3,5.065208,270.268799,30,N
2022-03-03 02:10:31.002 +0000,1646273431,37.33617,127.092948,83.297635,16.002417,3,5.065208,270.268799,30,N
2022-03-03 02:10:32.002 +0000,1646273432,37.33617,127.092876,83.318817,16.002417,3,5.46393,270.268799,30,Y
2022-03-03 02:10:33.002 +0000,1646273433,37.336171,127.092805,83.330233,16.002417,3,5.038067,270.268799,30,N
2022-03-03 02:10:34.002 +0000,1646273434,37.336171,127.092754,83.331505,16.002417,3,5.038067,270.268799,30,N
2022-03-03 02:10:35.002 +0000,1646273435,37.336156,127.092692,83.330286,16.002417,3,4.677064,270.268799,30,N
2022-03-03 02:10:36.002 +0000,1646273436,37.336156,127.092625,83.316665,16.002417,3,4.677064,270.268799,30,N
2022-03-03 02:10:37.002 +0000,1646273437,37.336159,127.09256,83.305847,16.002417,3,6.152366,270.268799,30,N
2022-03-03 02:10:38.002 +0000,1646273438,37.336161,127.092503,83.290669,16.002417,3,7.144526,270.268799,30,N
2022-03-03 02:10:39.002 +0000,1646273439,37.336162,127.092417,83.275528,16.002417,3,7.144526,270.268799,30,N
2022-03-03 02:10:40.002 +0000,1646273440,37.336163,127.092322,83.264284,16.002417,3,7.323604,270.268799,30,N
2022-03-03 02:10:41.002 +0000,1646273441,37.336167,127.092236,83.253725,16.002417,3,7.34397,270.268799,30,Y
2022-03-03 02:10:42.002 +0000,1646273442,37.336167,127.092152,83.235201,16.002417,3,7.34397,270.067596,30,N
2022-03-03 02:10:43.002 +0000,1646273443,37.336168,127.092073,83.25872,16.002417,3,7.100796,270.067596,30,N
2022-03-03 02:10:44.002 +0000,1646273444,37.336167,127.091981,83.317123,16.002417,3,7.033385,270.067596,30,N
2022-03-03 02:10:45.001 +0000,1646273445,37.336167,127.091897,83.406363,16.002417,3,6.745471,270.067596,30,N
2022-03-03 02:10:46.001 +0000,1646273446,37.336166,127.091809,83.584209,16.002417,3,5.619185,270.067596,30,N
2022-03-03 02:10:47.001 +0000,1646273447,37.336168,127.091737,83.887727,16.002417,3,5.619185,270.067596,30,N
2022-03-03 02:10:48.001 +0000,1646273448,37.336171,127.091684,84.239676,16.002417,3,5.494272,270.067596,30,N
2022-03-03 02:10:49.001 +0000,1646273449,37.336175,127.091642,84.575732,16.002417,3,4.678358,270.067596,30,Y
2022-03-03 02:10:50.001 +0000,1646273450,37.336177,127.0916,84.823125,16.002417,3,4.026832,270.067596,30,N
2022-03-03 02:10:51.001 +0000,1646273451,37.336183,127.091546,84.9756,16.002417,3,4.026832,270.067596,30,N
2022-03-03 02:10:52.001 +0000,1646273452,37.336186,127.091506,85.056368,16.002417,3,3.288198,270.067596,30,N
2022-03-03 02:10:53.001 +0000,1646273453,37.336198,127.091457,85.096119,16.002417,3,2.698024,270.067596,30,N
2022-03-03 02:10:54.001 +0000,1646273454,37.33619,127.091414,85.088882,6.000906,3,2.858541,270.067596,30,N
2022-03-03 02:10:55.001 +0000,1646273455,37.33619,127.091381,85.051367,6.000906,3,3.448568,314.30517,30,N
2022-03-03 02:10:56.001 +0000,1646273456,37.336243,127.091351,85.019285,6.000906,3,3.448568,0,30,N
2022-03-03 02:10:57.001 +0000,1646273457,37.336274,127.091331,85.01721,6.000906,3,3.798929,0,30,N
2022-03-03 02:10:58.001 +0000,1646273458,37.336319,127.091322,84.98933,6.000906,3,5.799662,0,30,N
2022-03-03 02:10:59.001 +0000,1646273459,37.336384,127.091319,84.876954,6.000906,3,7.443216,0,30,N
2022-03-03 02:11:00.001 +0000,1646273460,37.336457,127.091318,84.638038,6.000906,3,7.443216,0,30,N
2022-03-03 02:11:01.002 +0000,1646273461,37.336532,127.091319,84.418219,6.000906,3,7.956131,0,30,N
2022-03-03 02:11:02.002 +0000,1646273462,37.336609,127.091325,84.223285,6.000906,3,8.509821,0,30,Y
2022-03-03 02:11:03.002 +0000,1646273463,37.336684,127.091327,84.043597,6.000906,3,8.509821,359.05899,30,N
2022-03-03 02:11:04.002 +0000,1646273464,37.336758,127.091337,83.847712,6.000906,3,8.199885,359.05899,30,N
2022-03-03 02:11:05.002 +0000,1646273465,37.336823,127.091344,83.526851,6.000906,3,7.350208,359.05899,30,N
2022-03-03 02:11:06.002 +0000,1646273466,37.336876,127.091349,83.142248,6.000906,3,4.775162,359.05899,30,N
2022-03-03 02:11:07.002 +0000,1646273467,37.336923,127.091356,82.747363,6.000906,3,4.775162,359.05899,30,N
2022-03-03 02:11:08.000 +0000,1646273468,37.336956,127.09135,82.365946,4.000604,3,4.162135,327.400419,30,N
2022-03-03 02:11:09.000 +0000,1646273469,37.336985,127.091323,82.058372,6.000906,3,4.162135,308.866482,30,N
2022-03-03 02:11:10.000 +0000,1646273470,37.337086,127.091289,81.859283,6.000906,3,4.105818,273.141479,10,Y
2022-03-03 02:11:11.000 +0000,1646273471,37.337088,127.091253,81.734235,6.000906,3,2.346461,273.141479,10,N
2022-03-03 02:11:12.000 +0000,1646273472,37.337089,127.091221,81.656059,7.278089,3,2.948457,273.141479,10,N
2022-03-03 02:11:13.000 +0000,1646273473,37.337091,127.09119,81.607228,8.001208,3,2.346461,273.141479,10,N
2022-03-03 02:11:14.000 +0000,1646273474,37.337092,127.091165,81.576727,8.001208,3,2.319315,273.141479,10,N
2022-03-03 02:11:15.000 +0000,1646273475,37.337093,127.091148,81.557678,8.001208,3,1.05945,273.141479,10,N
2022-03-03 02:11:16.000 +0000,1646273476,37.337093,127.09113,81.545775,8.001208,3,1.321696,273.141479,10,N
2022-03-03 02:11:17.000 +0000,1646273477,37.337094,127.091116,81.53835,8.001208,3,3.546789,230.051809,10,N
2022-03-03 02:11:18.000 +0000,1646273478,37.336987,127.090935,81.535582,13.356697,3,3.546789,181.87822,10,N
2022-03-03 02:11:19.000 +0000,1646273479,37.33695,127.090933,81.604183,12.325075,3,4.334421,181.87822,10,N
2022-03-03 02:11:20.000 +0000,1646273480,37.3369,127.090931,81.697485,10.772467,3,4.913041,181.87822,10,N
2022-03-03 02:11:21.000 +0000,1646273481,37.336851,127.090929,81.902433,8.001208,3,5.036635,181.87822,10,N
2022-03-03 02:11:22.000 +0000,1646273482,37.336828,127.090929,82.18009,8.001208,3,5.036635,197.54483,10,N
2022-03-03 02:11:23.000 +0000,1646273483,37.336804,127.090955,82.45958,8.001208,3,4.008941,232.851212,10,N
2022-03-03 02:11:24.000 +0000,1646273484,37.336752,127.090945,82.721607,8.001208,3,3.956562,270.094818,10,N
2022-03-03 02:11:25.000 +0000,1646273485,37.336738,127.090898,82.955911,12.001812,3,3.956562,270.094818,10,Y
2022-03-03 02:11:26.000 +0000,1646273486,37.336745,127.090847,83.154704,8.001208,3,4.365104,270.094818,10,N
2022-03-03 02:11:27.000 +0000,1646273487,37.336745,127.090785,83.319253,8.001208,3,5.681544,270.094818,10,N
2022-03-03 02:11:28.000 +0000,1646273488,37.336745,127.090703,83.533901,8.001208,3,5.681544,270.094818,10,N
2022-03-03 02:11:29.000 +0000,1646273489,37.336745,127.090615,83.856597,8.001208,3,7.263076,270.094818,10,N
2022-03-03 02:11:30.000 +0000,1646273490,37.336745,127.090519,84.271534,8.001208,3,7.325486,270.094818,10,N
2022-03-03 02:11:31.000 +0000,1646273491,37.336745,127.090429,84.640379,8.001208,3,6.985841,270.094818,10,N
2022-03-03 02:11:32.000 +0000,1646273492,37.336729,127.090347,84.878169,8.001208,3,6.985841,270.094818,10,N
2022-03-03 02:11:33.000 +0000,1646273493,37.336731,127.090271,85.01953,8.001208,3,6.527219,270.094818,10,Y
2022-03-03 02:11:34.000 +0000,1646273494,37.336746,127.09021,85.106162,8.001208,3,6.368743,270.094818,10,N
2022-03-03 02:11:35.000 +0000,1646273495,37.336765,127.090148,85.203766,8.001208,3,4.157521,255.709076,10,N
2022-03-03 02:11:36.000 +0000,1646273496,37.336769,127.090043,85.301033,8.001208,3,5.378293,230.089981,10,N
2022-03-03 02:11:37.000 +0000,1646273497,37.336733,127.08999,85.413475,8.001208,3,6.088914,230.089981,10,N
2022-03-03 02:11:38.000 +0000,1646273498,37.336698,127.089938,85.531774,8.001208,3,5.378293,191.094732,10,N
2022-03-03 02:11:39.000 +0000,1646273499,37.336666,127.089913,85.710458,8.001208,3,5.183415,184.558145,10,N
2022-03-03 02:11:40.000 +0000,1646273500,37.336529,127.089815,85.941029,13.857147,3,5.183415,178.605347,10,N
2022-03-03 02:11:41.000 +0000,1646273501,37.336472,127.089817,86.318299,13.01207,3,6.319766,178.605347,10,N
2022-03-03 02:11:42.000 +0000,1646273502,37.336414,127.089819,86.743919,12.396921,3,6.319766,178.605347,10,Y
2022-03-03 02:11:43.000 +0000,1646273503,37.336361,127.08982,87.188251,11.518066,3,6.072029,178.605347,10,N
2022-03-03 02:11:44.000 +0000,1646273504,37.336312,127.089822,87.640298,12.001812,3,5.328476,178.605347,10,N
2022-03-03 02:11:45.000 +0000,1646273505,37.33624,127.089823,88.071088,12.001812,3,5.328476,180,10,N
2022-03-03 02:11:46.000 +0000,1646273506,37.336158,127.089823,88.547324,12.001812,3,-1,180,10,N
2022-03-03 02:11:47.000 +0000,1646273507,37.33614,127.089823,88.389917,48.00725,3,-1,180,10,N
2022-03-03 02:11:48.000 +0000,1646273508,37.336139,127.089823,88.309118,48.00725,3,-1,180,10,N
2022-03-03 02:11:49.000 +0000,1646273509,37.336139,127.089823,88.268784,48.00725,3,-1,180,10,N
2022-03-03 02:11:50.000 +0000,1646273510,37.336139,127.089823,88.247725,48.00725,3,-1,180,10,N
2022-03-03 02:11:51.000 +0000,1646273511,37.336139,127.089823,88.235443,48.00725,3,-1,180,10,N
2022-03-03 02:11:52.000 +0000,1646273512,37.336139,127.089823,88.230497,48.00725,3.128406,-1,180,10,N
2022-03-03 02:11:53.000 +0000,1646273513,37.336139,127.089823,88.238745,48.00725,3.593988,-1,180,10,N
2022-03-03 02:12:20.398 +0000,1646273540,37.336541,127.090357,86.844147,135.333333,2.714054,-1,-1,10,N
2022-03-03 02:12:23.247 +0000,1646273543,37.336565,127.090387,86.838531,135.333333,2.677964,-1,-1,10,Y
2022-03-03 02:12:23.247 +0000,1646273543,37.336559,127.090379,86.838425,135.333333,1.911771,-1,-1,10,Y
