timestamp,timeIntervalSince1970,latitude,longitude,altitude,horizontalAccuracy,verticalAccuracy,speed,course
"2022-03-03 00:00:00.999 +0000",1646265600.998672,37.335495,127.087062,103.767580,16.002417,3.000000,0.000000,271.039948
"2022-03-03 00:00:01.999 +0000",1646265601.998667,37.335495,127.087062,103.767580,16.002417,3.000000,0.000000,271.039948
"2022-03-03 00:00:02.999 +0000",1646265602.998663,37.335495,127.087062,103.767580,16.002417,3.000000,0.000000,271.039948
"2022-03-03 00:00:03.999 +0000",1646265603.998660,37.335495,127.087062,103.767580,16.002417,3.000000,0.000000,271.039948
"2022-03-03 00:00:04.999 +0000",1646265604.998658,37.335495,127.087062,103.767580,16.002417,3.000000,0.000000,271.039948
"2022-03-03 00:00:05.999 +0000",1646265605.998656,37.335495,127.087062,103.767580,16.002417,3.000000,0.000000,271.039948
"2022-03-03 00:00:06.999 +0000",1646265606.998655,37.335495,127.087062,103.767580,16.002417,3.000000,0.000000,271.039948
"2022-03-03 00:00:07.999 +0000",1646265607.998655,37.335495,127.087062,103.767580,16.002417,3.000000,0.000000,271.039948
"2022-03-03 00:00:08.999 +0000",1646265608.998654,37.335495,127.087062,103.767580,16.002417,3.000000,0.000000,271.039948
"2022-03-03 00:00:09.999 +0000",1646265609.998655,37.335495,127.087062,103.767580,16.002417,3.000000,0.000000,271.039948
"2022-03-03 00:00:10.999 +0000",1646265610.998686,37.335495,127.087062,103.767580,16.002417,3.000000,0.000000,271.039948
"2022-03-03 00:00:11.999 +0000",1646265611.998659,37.335495,127.087062,103.767580,16.002417,3.000000,0.000000,271.039948
"2022-03-03 00:00:12.999 +0000",1646265612.998660,37.335495,127.087062,103.767580,16.002417,3.000000,0.000000,271.039948
"2022-03-03 00:00:13.999 +0000",1646265613.998662,37.335495,127.087062,103.767580,16.002417,3.000000,0.000000,271.039948
"2022-03-03 00:00:14.999 +0000",1646265614.998666,37.335495,127.087062,103.767580,16.002417,3.000000,0.000000,271.039948
"2022-03-03 00:00:15.999 +0000",1646265615.998670,37.335495,127.087062,103.767580,16.002417,3.000000,0.000000,271.039948
"2022-03-03 00:00:16.999 +0000",1646265616.998673,37.335495,127.087062,103.767580,16.002417,3.000000,0.000000,271.039948
"2022-03-03 00:00:17.999 +0000",1646265617.998678,37.335495,127.087062,103.767580,16.002417,3.000000,0.000000,271.039948
"2022-03-03 00:00:18.999 +0000",1646265618.998683,37.335495,127.087062,103.767580,16.002417,3.000000,0.000000,271.039948
"2022-03-03 00:00:19.999 +0000",1646265619.998687,37.335495,127.087062,103.767580,16.002417,3.000000,0.000000,271.039948
"2022-03-03 00:00:20.999 +0000",1646265620.998693,37.335495,127.087062,103.767580,16.002417,3.000000,0.000000,271.039948
"2022-03-03 00:00:21.999 +0000",1646265621.998697,37.335495,127.087062,103.767580,16.002417,3.000000,0.000000,271.039948
"2022-03-03 00:00:22.999 +0000",1646265622.998703,37.335495,127.087062,103.767580,16.002417,3.000000,0.000000,271.039948
"2022-03-03 00:00:23.999 +0000",1646265623.998709,37.335495,127.087062,103.767580,16.002417,3.000000,0.000000,271.039948
"2022-03-03 00:00:24.999 +0000",1646265624.998715,37.335495,127.087062,103.767580,16.002417,3.000000,0.000000,271.039948
"2022-03-03 00:00:25.999 +0000",1646265625.998721,37.335495,127.087062,103.767580,16.002417,3.000000,0.000000,271.039948
"2022-03-03 00:00:26.999 +0000",1646265626.998727,37.335495,127.087062,103.767580,16.002417,3.000000,0.000000,271.039948
"2022-03-03 00:00:27.999 +0000",1646265627.998733,37.335495,127.087062,103.767580,16.002417,3.000000,0.000000,271.039948
"2022-03-03 00:00:28.999 +0000",1646265628.998740,37.335495,127.087040,104.059231,16.002417,3.000000,0.027844,271.039948
"2022-03-03 00:00:29.999 +0000",1646265629.998747,37.335495,127.087034,104.080263,16.002417,3.000000,0.187875,271.039948
"2022-03-03 00:00:30.999 +0000",1646265630.998755,37.335495,127.087033,104.084584,16.002417,3.000000,0.187875,271.039948
"2022-03-03 00:00:31.999 +0000",1646265631.998761,37.335496,127.087031,104.076920,16.002417,3.000000,0.113573,271.039948
"2022-03-03 00:00:32.999 +0000",1646265632.998769,37.335496,127.087028,104.082073,16.002417,3.000000,0.571962,271.039948
"2022-03-03 00:00:33.999 +0000",1646265633.998776,37.335496,127.087021,104.129047,16.002417,3.000000,0.206248,271.039948
"2022-03-03 00:00:34.999 +0000",1646265634.998783,37.335496,127.087014,104.229764,16.002417,3.000000,0.136951,271.039948
"2022-03-03 00:00:35.999 +0000",1646265635.998792,37.335496,127.087003,104.358942,16.002417,3.000000,0.118680,271.039948
"2022-03-03 00:00:36.999 +0000",1646265636.998798,37.335496,127.086996,104.493018,16.002417,3.000000,0.048653,271.039948
"2022-03-03 00:00:37.999 +0000",1646265637.998807,37.335496,127.087015,104.609278,16.002417,3.000000,0.025120,271.039948
"2022-03-03 00:00:38.999 +0000",1646265638.998814,37.335496,127.087023,104.611532,16.002417,3.000000,0.048653,271.039948
"2022-03-03 00:00:39.999 +0000",1646265639.998823,37.335496,127.087024,104.563239,16.002417,3.000000,1.382778,271.039948
"2022-03-03 00:00:40.999 +0000",1646265640.998831,37.335496,127.087010,104.507865,16.002417,3.000000,2.641361,271.039948
"2022-03-03 00:00:41.999 +0000",1646265641.998838,37.335496,127.086983,104.502520,16.002417,3.000000,2.641361,271.039948
"2022-03-03 00:00:42.999 +0000",1646265642.998847,37.335497,127.086954,104.660683,16.002417,3.000000,2.664669,229.319558
"2022-03-03 00:00:43.999 +0000",1646265643.998855,37.335487,127.086921,105.003933,16.002417,3.000000,4.801597,211.860406
"2022-03-03 00:00:44.999 +0000",1646265644.998863,37.335337,127.086883,105.581402,16.002417,3.000000,5.746099,181.438232
"2022-03-03 00:00:45.999 +0000",1646265645.998872,37.335286,127.086873,105.932511,16.002417,3.000000,5.746099,181.438232
"2022-03-03 00:00:46.999 +0000",1646265646.998880,37.335222,127.086860,106.475438,16.002417,3.000000,6.079345,181.387177
"2022-03-03 00:00:47.999 +0000",1646265647.998889,37.335154,127.086877,107.291055,16.002417,3.000000,7.219296,181.387177
"2022-03-03 00:00:48.999 +0000",1646265648.998897,37.335090,127.086906,108.357088,16.002417,3.000000,7.535813,181.387177
"2022-03-03 00:00:49.999 +0000",1646265649.998906,37.335036,127.086908,111.078630,16.002417,3.000000,7.535813,181.387268
"2022-03-03 00:00:50.999 +0000",1646265650.998914,37.334964,127.086909,111.810933,16.002417,3.000000,8.102537,181.387268
"2022-03-03 00:00:51.999 +0000",1646265651.998923,37.334887,127.086903,112.603314,16.002417,3.000000,8.478747,181.387268
"2022-03-03 00:00:52.999 +0000",1646265652.998931,37.334809,127.086903,113.718728,16.002417,3.000000,8.855920,181.387268
"2022-03-03 00:00:53.999 +0000",1646265653.998940,37.334733,127.086900,115.115450,16.002417,3.000000,8.478747,181.387268
"2022-03-03 00:00:54.999 +0000",1646265654.998949,37.334649,127.086898,116.744855,16.002417,3.000000,8.745533,181.387268
"2022-03-03 00:00:55.999 +0000",1646265655.998958,37.334561,127.086898,121.323269,16.002417,3.000000,9.309894,181.387268
"2022-03-03 00:00:56.999 +0000",1646265656.998966,37.334476,127.086877,124.077349,16.002417,3.000000,9.513093,178.783676
"2022-03-03 00:00:57.999 +0000",1646265657.998975,37.334394,127.086880,126.079671,16.002417,3.000000,9.309894,178.783676
"2022-03-03 00:00:58.999 +0000",1646265658.998984,37.334316,127.086882,127.699144,16.002417,3.000000,9.029329,178.783676
"2022-03-03 00:00:59.999 +0000",1646265659.998993,37.334235,127.086900,129.075918,48.007250,3.000000,-1.000000,178.783676
"2022-03-03 00:01:00.999 +0000",1646265660.999002,37.334154,127.086895,127.382095,48.007250,3.000000,-1.000000,178.783768
"2022-03-03 00:01:01.999 +0000",1646265661.999011,37.334072,127.086891,125.949645,48.007250,3.000000,-1.000000,178.783768
"2022-03-03 00:01:02.999 +0000",1646265662.999020,37.333991,127.086888,124.741774,48.007250,3.000000,-1.000000,178.783768
"2022-03-03 00:01:03.999 +0000",1646265663.999028,37.333910,127.086885,123.725950,48.007250,3.000000,-1.000000,169.417328
"2022-03-03 00:01:29.266 +0000",1646265689.266340,37.331607,127.089352,116.122070,59.856355,3.687737,-1.000000,-1.000000
"2022-03-03 00:01:29.999 +0000",1646265689.999263,37.331617,127.089172,115.660603,32.004833,76.698608,9.929134,137.287280
"2022-03-03 00:01:30.999 +0000",1646265690.999272,37.331512,127.089274,122.258348,32.004833,3.000000,10.419521,131.553446
"2022-03-03 00:01:31.999 +0000",1646265691.999282,37.331455,127.089365,122.177209,16.002417,3.000000,9.929134,133.738382
"2022-03-03 00:01:32.999 +0000",1646265692.999291,37.331423,127.089495,121.621894,16.002417,3.000000,9.603858,132.903519
"2022-03-03 00:01:33.999 +0000",1646265693.999300,37.331360,127.089580,120.687168,16.002417,3.000000,9.611269,132.903519
"2022-03-03 00:01:34.999 +0000",1646265694.999310,37.331306,127.089690,119.908217,16.002417,3.000000,10.278107,132.903519
"2022-03-03 00:01:35.999 +0000",1646265695.999318,37.331242,127.089771,118.851412,16.002417,3.000000,9.950460,132.903519
"2022-03-03 00:01:36.999 +0000",1646265696.999328,37.331181,127.089852,117.828236,16.002417,3.000000,10.132812,133.031143
"2022-03-03 00:01:37.999 +0000",1646265697.999337,37.331116,127.089935,117.331592,16.002417,3.000000,10.679380,132.738602
"2022-03-03 00:01:38.999 +0000",1646265698.999346,37.331049,127.090023,117.033581,16.002417,3.000000,10.679380,132.738602
"2022-03-03 00:01:39.999 +0000",1646265699.999355,37.330983,127.090107,114.267045,16.002417,3.000000,10.510941,132.738602
"2022-03-03 00:01:40.999 +0000",1646265700.999365,37.330910,127.090206,113.948053,16.002417,3.000000,10.510941,132.738602
"2022-03-03 00:01:41.999 +0000",1646265701.999373,37.330842,127.090317,114.279567,16.002417,3.000000,11.259256,132.738602
"2022-03-03 00:01:42.999 +0000",1646265702.999382,37.330775,127.090413,114.189548,16.002417,3.000000,11.259256,133.561600
"2022-03-03 00:01:43.999 +0000",1646265703.999391,37.330716,127.090497,114.289366,16.002417,3.000000,-1.000000,133.561600
"2022-03-03 00:01:44.999 +0000",1646265704.999401,37.330655,127.090579,111.789181,48.007250,3.139906,-1.000000,133.561600
"2022-03-03 00:01:45.999 +0000",1646265705.999409,37.330583,127.090680,109.897863,24.003625,6.235023,11.332620,128.235611
"2022-03-03 00:01:46.999 +0000",1646265706.999419,37.330516,127.090788,113.226328,24.003625,3.154471,11.687278,128.235611
"2022-03-03 00:01:47.999 +0000",1646265707.999428,37.330446,127.090890,113.136626,24.003625,3.031951,11.332620,128.235611
"2022-03-03 00:01:48.999 +0000",1646265708.999437,37.330364,127.091021,112.325737,24.003625,3.000000,10.799760,105.984512
"2022-03-03 00:01:49.999 +0000",1646265709.999446,37.330329,127.091164,111.175733,16.002417,3.000000,10.341520,97.782776
"2022-03-03 00:01:50.999 +0000",1646265710.999456,37.330311,127.091332,107.496864,16.002417,3.000000,10.341520,97.782776
"2022-03-03 00:01:51.999 +0000",1646265711.999465,37.330308,127.091485,105.311996,16.002417,3.000000,10.212845,92.411751
"2022-03-03 00:01:52.999 +0000",1646265712.999474,37.330304,127.091613,103.834188,16.002417,3.000000,8.483519,92.411751
"2022-03-03 00:01:53.999 +0000",1646265713.999483,37.330300,127.091735,102.697871,16.002417,3.000000,8.592692,92.411751
"2022-03-03 00:01:54.999 +0000",1646265714.999492,37.330295,127.091866,101.609374,16.002417,3.000000,9.115997,92.411751
"2022-03-03 00:01:56.000 +0000",1646265715.999501,37.330292,127.091995,100.396838,16.002417,3.000000,9.115997,91.324211
"2022-03-03 00:01:57.000 +0000",1646265716.999511,37.330290,127.092121,99.100679,16.002417,3.000000,9.115997,91.324211
"2022-03-03 00:01:58.000 +0000",1646265717.999520,37.330288,127.092241,97.751505,16.002417,3.000000,9.305939,91.324211
"2022-03-03 00:01:59.000 +0000",1646265718.999529,37.330286,127.092367,96.393260,16.002417,3.000000,9.305939,91.324211
"2022-03-03 00:02:00.000 +0000",1646265719.999538,37.330284,127.092459,95.172343,16.002417,3.000000,8.794069,91.324211
"2022-03-03 00:02:01.000 +0000",1646265720.999548,37.330296,127.092536,94.136320,16.002417,3.000000,6.713173,91.324211
"2022-03-03 00:02:02.000 +0000",1646265721.999557,37.330288,127.092609,93.359551,16.002417,3.000000,6.387501,91.324211
"2022-03-03 00:02:03.000 +0000",1646265722.999565,37.330278,127.092684,92.861454,16.002417,3.000000,6.387501,91.324211
"2022-03-03 00:02:04.000 +0000",1646265723.999574,37.330265,127.092730,92.549250,16.002417,3.000000,6.098087,122.038774
"2022-03-03 00:02:05.000 +0000",1646265724.999584,37.330253,127.092786,92.359751,16.002417,3.000000,5.065001,140.943317
"2022-03-03 00:02:06.000 +0000",1646265725.999593,37.330157,127.092762,92.236163,16.002417,3.000000,5.420508,182.584259
"2022-03-03 00:02:07.000 +0000",1646265726.999602,37.330090,127.092758,92.158456,16.002417,3.000000,6.444072,182.584259
"2022-03-03 00:02:08.000 +0000",1646265727.999611,37.330023,127.092755,92.109871,16.002417,3.000000,6.444072,182.584259
"2022-03-03 00:02:09.000 +0000",1646265728.999620,37.329949,127.092750,92.079525,16.002417,3.000000,7.761012,182.584259
"2022-03-03 00:02:10.000 +0000",1646265729.999629,37.329865,127.092746,92.198754,16.002417,3.000000,9.713507,182.584259
"2022-03-03 00:02:11.000 +0000",1646265730.999638,37.329778,127.092741,92.501169,16.002417,3.000000,10.265880,182.584259
"2022-03-03 00:02:12.000 +0000",1646265731.999648,37.329672,127.092735,92.932796,16.002417,3.000000,9.713507,182.584259
"2022-03-03 00:02:13.000 +0000",1646265732.999657,37.329577,127.092731,93.528612,16.002417,3.000000,9.710278,181.467529
"2022-03-03 00:02:14.000 +0000",1646265733.999667,37.329485,127.092743,94.208091,16.002417,3.000000,8.578403,181.467529
"2022-03-03 00:02:15.000 +0000",1646265734.999675,37.329403,127.092736,94.918677,16.002417,3.000000,8.578403,181.467529
"2022-03-03 00:02:16.000 +0000",1646265735.999685,37.329331,127.092730,95.497764,16.002417,3.000000,8.078700,185.902100
"2022-03-03 00:02:17.000 +0000",1646265736.999694,37.329268,127.092725,95.853780,16.002417,3.000000,7.005515,181.467529
"2022-03-03 00:02:18.000 +0000",1646265737.999703,37.329226,127.092721,96.052467,16.002417,3.000000,3.448899,185.902100
"2022-03-03 00:02:19.000 +0000",1646265738.999712,37.329200,127.092697,96.155886,16.002417,3.000000,3.448899,185.902100
"2022-03-03 00:02:20.000 +0000",1646265739.999721,37.329191,127.092715,96.204605,16.002417,3.000000,1.434561,185.902100
"2022-03-03 00:02:21.000 +0000",1646265740.999731,37.329184,127.092713,96.230117,16.002417,3.000000,0.065203,185.902100
"2022-03-03 00:02:22.000 +0000",1646265741.999740,37.329184,127.092710,96.242268,16.002417,3.000000,0.037291,185.902100
"2022-03-03 00:02:23.000 +0000",1646265742.999748,37.329182,127.092707,96.249532,16.002417,3.000000,0.041136,185.902100
"2022-03-03 00:02:24.000 +0000",1646265743.999758,37.329183,127.092703,96.253822,16.002417,3.000000,0.050930,185.902100
"2022-03-03 00:02:25.000 +0000",1646265744.999767,37.329183,127.092698,96.257410,16.002417,3.000000,0.033013,185.902100
"2022-03-03 00:02:26.000 +0000",1646265745.999776,37.329183,127.092695,96.260440,16.002417,3.000000,0.022055,185.902100
"2022-03-03 00:02:27.000 +0000",1646265746.999785,37.329184,127.092691,96.263187,16.002417,3.000000,0.017821,185.902100
"2022-03-03 00:02:28.000 +0000",1646265747.999795,37.329183,127.092688,96.265652,16.002417,3.000000,0.018830,185.902100
"2022-03-03 00:02:29.000 +0000",1646265748.999804,37.329182,127.092685,96.267128,16.002417,3.000000,0.021542,185.902100
"2022-03-03 00:02:30.000 +0000",1646265749.999813,37.329183,127.092682,96.267859,16.002417,3.000000,0.041623,185.902100
"2022-03-03 00:02:31.000 +0000",1646265750.999823,37.329183,127.092679,96.269422,16.002417,3.000000,0.045078,185.902100
"2022-03-03 00:02:32.000 +0000",1646265751.999831,37.329181,127.092677,96.270677,16.002417,3.000000,0.031957,185.902100
"2022-03-03 00:02:33.000 +0000",1646265752.999841,37.329180,127.092677,96.270803,16.002417,3.000000,0.016427,185.902100
"2022-03-03 00:02:34.000 +0000",1646265753.999850,37.329178,127.092675,96.269902,16.002417,3.000000,0.038202,185.902100
"2022-03-03 00:02:35.000 +0000",1646265754.999859,37.329178,127.092675,96.269902,16.002417,3.000000,0.000000,185.902100
"2022-03-03 00:02:36.000 +0000",1646265755.999867,37.329178,127.092675,96.269902,16.002417,3.000000,0.000000,185.902100
"2022-03-03 00:02:37.000 +0000",1646265756.999878,37.329178,127.092675,96.269902,6.000906,3.000000,0.000000,185.902100
"2022-03-03 00:02:38.000 +0000",1646265757.999886,37.329178,127.092675,96.269902,4.000604,3.000000,0.000000,185.902100
"2022-03-03 00:02:39.000 +0000",1646265758.999896,37.329178,127.092675,96.269902,4.000604,3.000000,0.000000,185.902100
"2022-03-03 00:02:40.000 +0000",1646265759.999905,37.329178,127.092675,96.269902,6.000906,3.000000,0.000000,185.902100
"2022-03-03 00:02:41.000 +0000",1646265760.999914,37.329179,127.092689,96.262878,6.000906,3.000000,0.021509,185.902100
"2022-03-03 00:02:42.000 +0000",1646265761.999923,37.329175,127.092676,96.262099,6.000906,3.000000,1.164979,185.902100
"2022-03-03 00:02:43.000 +0000",1646265762.999932,37.329166,127.092689,96.259522,6.000906,3.000000,2.002097,185.902100
"2022-03-03 00:02:44.000 +0000",1646265763.999941,37.329143,127.092689,96.249472,4.000604,3.000000,2.002097,185.902100
"2022-03-03 00:02:45.000 +0000",1646265764.999950,37.329109,127.092694,96.242350,4.000604,3.000000,3.167145,185.902100
"2022-03-03 00:02:46.000 +0000",1646265765.999960,37.329060,127.092694,96.237819,4.000604,3.000000,5.596936,179.232864
"2022-03-03 00:02:47.000 +0000",1646265766.999969,37.329008,127.092697,96.234984,6.000906,3.000000,5.705520,179.232864
"2022-03-03 00:02:48.000 +0000",1646265767.999978,37.328953,127.092691,96.233210,6.000906,3.000000,5.705520,179.232864
"2022-03-03 00:02:49.000 +0000",1646265768.999987,37.328903,127.092746,96.232099,8.001208,3.000000,5.705520,126.405403
"2022-03-03 00:02:50.000 +0000",1646265769.999996,37.328859,127.092799,96.231411,8.001208,3.000000,6.844504,126.405403
"2022-03-03 00:02:51.000 +0000",1646265771.000006,37.328832,127.092873,96.230978,8.001208,3.000000,6.844504,126.405403
"2022-03-03 00:02:52.000 +0000",1646265772.000015,37.328793,127.092941,96.230709,8.001208,3.000000,6.844504,126.405403
"2022-03-03 00:02:53.000 +0000",1646265773.000024,37.328748,127.093016,96.230537,6.000906,3.000000,7.850468,126.405403
"2022-03-03 00:02:54.000 +0000",1646265774.000033,37.328703,127.093093,96.230431,6.000906,3.000000,8.498451,126.405403
"2022-03-03 00:02:55.000 +0000",1646265775.000041,37.328657,127.093170,96.230365,6.000906,3.000000,8.498451,126.405403
"2022-03-03 00:02:56.000 +0000",1646265776.000051,37.328625,127.093242,96.230325,6.000906,3.000000,7.668915,126.405403
"2022-03-03 00:02:57.000 +0000",1646265777.000060,37.328599,127.093300,96.230300,6.000906,3.000000,5.972114,126.405403
"2022-03-03 00:02:58.000 +0000",1646265778.000070,37.328572,127.093352,96.198334,8.001208,3.000000,5.533530,126.405403
"2022-03-03 00:02:59.000 +0000",1646265779.000079,37.328543,127.093411,96.066027,6.000906,3.000000,6.238497,126.405403
"2022-03-03 00:03:00.000 +0000",1646265780.000088,37.328506,127.093476,95.789915,6.000906,3.000000,6.238497,126.405403
"2022-03-03 00:03:01.000 +0000",1646265781.000097,37.328455,127.093542,95.425236,8.001208,3.000000,6.649595,126.405403
"2022-03-03 00:03:02.000 +0000",1646265782.000106,37.328401,127.093600,95.042644,6.000906,3.000000,7.864665,126.405403
"2022-03-03 00:03:03.000 +0000",1646265783.000115,37.328359,127.093673,94.717511,6.000906,3.000000,7.864665,126.405403
"2022-03-03 00:03:04.000 +0000",1646265784.000124,37.328311,127.093743,94.355188,4.000604,3.000000,7.864665,124.850929
"2022-03-03 00:03:05.000 +0000",1646265785.000133,37.328278,127.093824,93.889830,4.000604,3.000000,7.745758,124.850929
"2022-03-03 00:03:06.000 +0000",1646265786.000144,37.328241,127.093892,93.381786,6.000906,3.000000,5.785411,124.850929
"2022-03-03 00:03:07.000 +0000",1646265787.000153,37.328211,127.093945,92.920649,8.001208,3.000000,5.785411,124.850929
"2022-03-03 00:03:08.000 +0000",1646265788.000161,37.328185,127.093991,92.508395,8.001208,3.000000,5.139423,124.850929
"2022-03-03 00:03:09.000 +0000",1646265789.000171,37.328151,127.094027,92.128660,8.001208,3.000000,4.562787,124.850929
"2022-03-03 00:03:10.000 +0000",1646265790.000180,37.328132,127.094080,91.717536,6.000906,3.000000,4.773512,124.850929
"2022-03-03 00:03:11.000 +0000",1646265791.000188,37.328107,127.094131,91.308863,6.000906,3.000000,4.773512,124.850929
"2022-03-03 00:03:12.000 +0000",1646265792.000197,37.328080,127.094177,90.907602,6.000906,3.000000,4.317765,124.850929
"2022-03-03 00:03:13.000 +0000",1646265793.000207,37.328060,127.094212,90.527759,6.000906,3.000000,4.317765,176.892692
"2022-03-03 00:03:14.000 +0000",1646265794.000216,37.327953,127.094256,90.219785,6.000906,3.000000,5.631453,224.733368
"2022-03-03 00:03:15.000 +0000",1646265795.000226,37.327911,127.094204,90.006615,6.000906,3.000000,6.827678,224.733368
"2022-03-03 00:03:16.000 +0000",1646265796.000234,37.327859,127.094141,89.950959,6.000906,3.000000,6.827678,222.086700
"2022-03-03 00:03:17.000 +0000",1646265797.000244,37.327794,127.094060,89.975640,8.001208,3.000000,8.408413,222.086700
"2022-03-03 00:03:18.000 +0000",1646265798.000253,37.327702,127.094005,89.977593,8.001208,3.000000,10.699003,222.086700
"2022-03-03 00:03:19.000 +0000",1646265799.000262,37.327615,127.093930,89.766851,8.001208,3.000000,11.589968,222.086700
"2022-03-03 00:03:20.000 +0000",1646265800.000271,37.327525,127.093845,89.391605,8.001208,3.000000,11.589968,222.086700
"2022-03-03 00:03:21.000 +0000",1646265801.000280,37.327435,127.093751,89.016038,8.001208,3.000000,12.490940,222.086700
"2022-03-03 00:03:22.000 +0000",1646265802.000290,37.327343,127.093651,88.861944,8.001208,3.000000,13.402869,222.086700
"2022-03-03 00:03:23.000 +0000",1646265803.000299,37.327250,127.093549,88.767845,8.001208,3.000000,13.667381,222.086700
"2022-03-03 00:03:24.000 +0000",1646265804.000308,37.327155,127.093443,88.658370,8.001208,3.000000,13.667381,222.086700
"2022-03-03 00:03:25.000 +0000",1646265805.000317,37.327058,127.093329,88.697273,6.000906,3.000000,14.065461,222.086700
"2022-03-03 00:03:26.000 +0000",1646265806.000327,37.326956,127.093211,88.695999,6.000906,3.000000,15.227201,222.086700
"2022-03-03 00:03:27.000 +0000",1646265807.000336,37.326855,127.093094,88.431617,4.000604,3.000000,15.227201,222.086700
"2022-03-03 00:03:28.000 +0000",1646265808.000345,37.326756,127.092971,88.179444,6.000906,3.000000,14.963647,222.088852
"2022-03-03 00:03:29.000 +0000",1646265809.000354,37.326655,127.092857,88.044878,6.000906,3.000000,14.930574,222.088852
"2022-03-03 00:03:30.000 +0000",1646265810.000363,37.326559,127.092745,87.934316,6.000906,3.000000,14.223753,222.088852
"2022-03-03 00:03:31.000 +0000",1646265811.000372,37.326473,127.092624,87.649453,6.000906,3.000000,14.223753,222.259109
"2022-03-03 00:03:32.000 +0000",1646265812.000381,37.326384,127.092504,87.471429,8.001208,3.000000,14.128469,225.964462
"2022-03-03 00:03:33.000 +0000",1646265813.000391,37.326299,127.092380,87.558924,8.001208,3.000000,14.005525,234.841675
"2022-03-03 00:03:34.000 +0000",1646265814.000400,37.326221,127.092256,87.524882,8.001208,3.000000,13.383525,234.841675
"2022-03-03 00:03:35.000 +0000",1646265815.000409,37.326151,127.092140,87.572763,8.001208,3.000000,13.383525,234.841675
"2022-03-03 00:03:36.000 +0000",1646265816.000418,37.326079,127.092042,87.691843,8.001208,3.000000,11.892372,234.841675
"2022-03-03 00:03:37.000 +0000",1646265817.000427,37.326025,127.091954,87.745225,8.001208,3.000000,10.251022,234.841675
"2022-03-03 00:03:38.000 +0000",1646265818.000436,37.325976,127.091879,87.776470,8.001208,3.000000,7.305267,234.841675
"2022-03-03 00:03:39.000 +0000",1646265819.000445,37.325936,127.091814,87.882014,6.000906,3.000000,7.305267,234.841675
"2022-03-03 00:03:40.000 +0000",1646265820.000455,37.325906,127.091762,87.993732,6.000906,3.000000,6.168278,234.841675
"2022-03-03 00:03:41.000 +0000",1646265821.000463,37.325880,127.091721,88.065604,6.000906,3.000000,4.524250,234.841675
"2022-03-03 00:03:42.000 +0000",1646265822.000473,37.325861,127.091689,88.085528,6.000906,3.000000,2.993662,234.841675
"2022-03-03 00:03:43.000 +0000",1646265823.000482,37.325848,127.091663,88.063646,6.000906,3.000000,2.993662,234.841675
"2022-03-03 00:03:44.000 +0000",1646265824.000491,37.325837,127.091645,88.027352,6.000906,3.000000,1.824678,234.841675
"2022-03-03 00:03:45.001 +0000",1646265825.000500,37.325828,127.091632,88.021223,6.000906,3.000000,1.390835,234.841675
"2022-03-03 00:03:46.001 +0000",1646265826.000509,37.325821,127.091622,88.043070,6.000906,3.000000,0.771350,234.841675
"2022-03-03 00:03:47.001 +0000",1646265827.000519,37.325817,127.091614,88.080542,6.000906,3.000000,0.771350,234.841675
"2022-03-03 00:03:48.001 +0000",1646265828.000528,37.325817,127.091604,88.123105,6.000906,3.000000,0.760181,234.841675
"2022-03-03 00:03:49.001 +0000",1646265829.000537,37.325813,127.091600,88.175667,6.000906,3.000000,0.225732,234.841675
"2022-03-03 00:03:50.001 +0000",1646265830.000546,37.325812,127.091598,88.219890,6.000906,3.000000,0.057287,234.841675
"2022-03-03 00:03:51.001 +0000",1646265831.000556,37.325811,127.091598,88.253028,6.000906,3.000000,0.072510,234.841675
"2022-03-03 00:03:52.001 +0000",1646265832.000564,37.325811,127.091598,88.253028,8.001208,3.000000,0.000000,234.841675
"2022-03-03 00:03:53.001 +0000",1646265833.000574,37.325811,127.091598,88.253028,8.001208,3.000000,0.000000,234.841675
"2022-03-03 00:03:54.001 +0000",1646265834.000583,37.325811,127.091598,88.253028,8.001208,3.000000,0.000000,234.841675
"2022-03-03 00:03:55.001 +0000",1646265835.000591,37.325811,127.091598,88.253028,8.001208,3.000000,0.000000,234.841675
"2022-03-03 00:03:56.001 +0000",1646265836.000601,37.325811,127.091598,88.253028,6.000906,3.000000,0.000000,234.841675
"2022-03-03 00:03:57.001 +0000",1646265837.000610,37.325811,127.091598,88.253028,6.000906,3.000000,0.000000,234.841675
"2022-03-03 00:03:58.001 +0000",1646265838.000619,37.325811,127.091598,88.253028,6.000906,3.000000,0.000000,234.841675
"2022-03-03 00:03:59.001 +0000",1646265839.000629,37.325811,127.091598,88.253028,6.000906,3.000000,0.000000,234.841675
"2022-03-03 00:04:00.001 +0000",1646265840.000638,37.325811,127.091598,88.253028,8.001208,3.000000,0.000000,234.841675
"2022-03-03 00:04:01.001 +0000",1646265841.000647,37.325811,127.091598,88.253028,8.001208,3.000000,0.000000,234.841675
"2022-03-03 00:04:02.001 +0000",1646265842.000657,37.325811,127.091598,88.253028,8.001208,3.000000,0.000000,234.841675
"2022-03-03 00:04:03.001 +0000",1646265843.000665,37.325811,127.091598,88.253028,8.001208,3.000000,0.000000,234.841675
"2022-03-03 00:04:04.001 +0000",1646265844.000674,37.325811,127.091598,88.253028,8.001208,3.000000,0.000000,234.841675
"2022-03-03 00:04:05.001 +0000",1646265845.000684,37.325811,127.091598,88.253028,8.001208,3.000000,0.000000,234.841675
"2022-03-03 00:04:06.001 +0000",1646265846.000693,37.325811,127.091598,88.253028,8.001208,3.000000,0.000000,234.841675
"2022-03-03 00:04:07.001 +0000",1646265847.000702,37.325811,127.091598,88.253028,8.001208,3.000000,0.000000,234.841675
"2022-03-03 00:04:08.001 +0000",1646265848.000711,37.325811,127.091598,88.253028,12.001812,3.000000,0.000000,234.841675
"2022-03-03 00:04:09.001 +0000",1646265849.000721,37.325811,127.091598,88.253028,12.001812,3.000000,0.000000,234.841675
"2022-03-03 00:04:10.001 +0000",1646265850.000730,37.325811,127.091598,88.253028,12.001812,3.000000,0.000000,234.841675
"2022-03-03 00:04:11.001 +0000",1646265851.000739,37.325811,127.091598,88.253028,12.001812,3.000000,0.000000,234.841675
"2022-03-03 00:04:12.001 +0000",1646265852.000748,37.325811,127.091598,88.253028,8.001208,3.000000,0.000000,234.841675
"2022-03-03 00:04:13.001 +0000",1646265853.000757,37.325811,127.091598,88.253028,8.001208,3.000000,0.000000,234.841675
"2022-03-03 00:04:14.001 +0000",1646265854.000766,37.325811,127.091598,88.253028,8.001208,3.000000,0.000000,234.841675
"2022-03-03 00:04:15.001 +0000",1646265855.000776,37.325811,127.091598,88.253028,8.001208,3.000000,0.000000,234.841675
"2022-03-03 00:04:16.001 +0000",1646265856.000784,37.325811,127.091598,88.253028,8.001208,3.000000,0.000000,234.841675
"2022-03-03 00:04:17.001 +0000",1646265857.000794,37.325811,127.091598,88.253028,8.001208,3.000000,0.000000,234.841675
"2022-03-03 00:04:18.001 +0000",1646265858.000803,37.325811,127.091598,88.253028,8.001208,3.000000,0.000000,234.841675
"2022-03-03 00:04:19.001 +0000",1646265859.000813,37.325811,127.091598,88.253028,8.001208,3.000000,0.000000,234.841675
"2022-03-03 00:04:20.001 +0000",1646265860.000821,37.325811,127.091598,88.253028,6.000906,3.000000,0.000000,234.841675
"2022-03-03 00:04:21.001 +0000",1646265861.000831,37.325811,127.091598,88.253028,8.001208,3.000000,0.000000,234.841675
"2022-03-03 00:04:22.001 +0000",1646265862.000839,37.325811,127.091598,88.253028,8.001208,3.000000,0.000000,234.841675
"2022-03-03 00:04:23.001 +0000",1646265863.000848,37.325811,127.091598,88.253028,8.001208,3.000000,0.000000,234.841675
"2022-03-03 00:04:24.001 +0000",1646265864.000858,37.325811,127.091598,88.253028,8.001208,3.000000,0.000000,234.841675
"2022-03-03 00:04:25.001 +0000",1646265865.000866,37.325811,127.091598,88.253028,8.001208,3.000000,0.000000,234.841675
"2022-03-03 00:04:26.001 +0000",1646265866.000875,37.325811,127.091598,88.253028,8.001208,3.000000,0.000000,234.841675
"2022-03-03 00:04:27.001 +0000",1646265867.000885,37.325811,127.091598,88.253028,12.001812,3.000000,0.000000,234.841675
"2022-03-03 00:04:28.001 +0000",1646265868.000895,37.325811,127.091598,88.253028,12.001812,3.000000,0.000000,234.841675
"2022-03-03 00:04:29.001 +0000",1646265869.000903,37.325811,127.091598,88.253028,12.001812,3.000000,0.000000,234.841675
"2022-03-03 00:04:30.001 +0000",1646265870.000913,37.325811,127.091598,88.253028,8.001208,3.000000,0.000000,234.841675
"2022-03-03 00:04:31.001 +0000",1646265871.000921,37.325811,127.091598,88.253028,12.001812,3.000000,0.000000,234.841675
"2022-03-03 00:04:32.001 +0000",1646265872.000931,37.325811,127.091598,88.253028,8.001208,3.000000,0.000000,234.841675
"2022-03-03 00:04:33.001 +0000",1646265873.000940,37.325811,127.091598,88.253028,12.001812,3.000000,0.000000,234.841675
"2022-03-03 00:04:34.001 +0000",1646265874.000949,37.325811,127.091598,88.253028,12.001812,3.000000,0.000000,234.841675
"2022-03-03 00:04:35.001 +0000",1646265875.000959,37.325811,127.091598,88.253028,12.001812,3.000000,0.000000,234.841675
"2022-03-03 00:04:36.001 +0000",1646265876.000968,37.325811,127.091598,88.253028,12.001812,3.000000,0.000000,234.841675
"2022-03-03 00:04:37.001 +0000",1646265877.000977,37.325811,127.091598,88.253028,8.001208,3.000000,0.000000,234.841675
"2022-03-03 00:04:38.001 +0000",1646265878.000986,37.325811,127.091598,88.253028,8.001208,3.000000,0.000000,234.841675
"2022-03-03 00:04:39.001 +0000",1646265879.000996,37.325811,127.091598,88.253028,8.001208,3.000000,0.000000,234.841675
"2022-03-03 00:04:40.001 +0000",1646265880.001005,37.325811,127.091598,88.253028,8.001208,3.000000,0.000000,234.841675
"2022-03-03 00:04:41.001 +0000",1646265881.001013,37.325811,127.091598,88.253028,8.001208,3.000000,0.000000,234.841675
"2022-03-03 00:04:42.001 +0000",1646265882.001023,37.325811,127.091598,88.253028,8.001208,3.000000,0.000000,234.841675
"2022-03-03 00:04:43.001 +0000",1646265883.001032,37.325811,127.091598,88.253028,8.001208,3.000000,0.000000,234.841675
"2022-03-03 00:04:44.001 +0000",1646265884.001041,37.325811,127.091598,88.253028,12.001812,3.000000,0.000000,234.841675
"2022-03-03 00:04:45.001 +0000",1646265885.001051,37.325811,127.091598,88.253028,12.001812,3.000000,0.000000,234.841675
"2022-03-03 00:04:46.001 +0000",1646265886.001060,37.325811,127.091598,88.253028,12.001812,3.000000,0.000000,234.841675
"2022-03-03 00:04:47.001 +0000",1646265887.001069,37.325811,127.091598,88.253028,12.001812,3.000000,0.000000,234.841675
"2022-03-03 00:04:48.001 +0000",1646265888.001078,37.325811,127.091598,88.253028,12.001812,3.000000,0.000000,234.841675
"2022-03-03 00:04:49.001 +0000",1646265889.001087,37.325811,127.091598,88.253028,8.001208,3.000000,0.000000,234.841675
"2022-03-03 00:04:50.001 +0000",1646265890.001095,37.325811,127.091598,88.253028,12.001812,3.000000,0.000000,234.841675
"2022-03-03 00:04:51.001 +0000",1646265891.001106,37.325811,127.091598,88.253028,12.001812,3.000000,0.000000,234.841675
"2022-03-03 00:04:52.001 +0000",1646265892.001114,37.325811,127.091598,88.253028,12.001812,3.000000,0.000000,234.841675
"2022-03-03 00:04:53.001 +0000",1646265893.001124,37.325811,127.091598,88.253028,12.001812,3.000000,0.000000,234.841675
"2022-03-03 00:04:54.001 +0000",1646265894.001133,37.325811,127.091598,88.253028,16.002417,3.000000,0.000000,234.841675
"2022-03-03 00:04:55.001 +0000",1646265895.001142,37.325811,127.091598,88.253028,12.001812,3.000000,0.000000,234.841675
"2022-03-03 00:04:56.001 +0000",1646265896.001151,37.325811,127.091598,88.253028,16.002417,3.000000,0.000000,234.841675
"2022-03-03 00:04:57.001 +0000",1646265897.001160,37.325811,127.091598,88.253028,16.002417,3.000000,0.000000,234.841675
"2022-03-03 00:04:58.001 +0000",1646265898.001170,37.325811,127.091598,88.253028,16.002417,3.000000,0.000000,234.841675
"2022-03-03 00:04:59.001 +0000",1646265899.001179,37.325811,127.091598,88.253028,16.002417,3.000000,0.000000,234.841675
"2022-03-03 00:05:00.001 +0000",1646265900.001188,37.325811,127.091598,88.253028,16.002417,3.000000,0.000000,234.841675
"2022-03-03 00:05:01.001 +0000",1646265901.001197,37.325811,127.091598,88.253028,16.002417,3.000000,0.000000,234.841675
"2022-03-03 00:05:02.001 +0000",1646265902.001206,37.325811,127.091598,88.253028,16.002417,3.000000,0.000000,234.841675
"2022-03-03 00:05:03.001 +0000",1646265903.001215,37.325811,127.091598,88.253028,12.001812,3.000000,0.000000,234.841675
"2022-03-03 00:05:04.001 +0000",1646265904.001225,37.325811,127.091598,88.253028,12.001812,3.000000,0.000000,234.841675
"2022-03-03 00:05:05.001 +0000",1646265905.001234,37.325811,127.091598,88.253028,8.001208,3.000000,0.000000,234.841675
"2022-03-03 00:05:06.001 +0000",1646265906.001242,37.325811,127.091598,88.253028,8.001208,3.000000,0.000000,234.841675
"2022-03-03 00:05:07.001 +0000",1646265907.001251,37.325811,127.091598,88.253028,12.001812,3.000000,0.000000,234.841675
"2022-03-03 00:05:08.001 +0000",1646265908.001262,37.325811,127.091598,88.253028,12.001812,3.000000,0.000000,234.841675
"2022-03-03 00:05:09.001 +0000",1646265909.001270,37.325811,127.091598,88.253028,12.001812,3.000000,0.000000,234.841675
"2022-03-03 00:05:10.001 +0000",1646265910.001280,37.325811,127.091598,88.253028,12.001812,3.000000,0.000000,234.841675
"2022-03-03 00:05:11.001 +0000",1646265911.001288,37.325811,127.091598,88.253028,12.001812,3.000000,0.000000,234.841675
"2022-03-03 00:05:12.001 +0000",1646265912.001298,37.325811,127.091598,88.253028,12.001812,3.000000,0.000000,234.841675
"2022-03-03 00:05:13.001 +0000",1646265913.001307,37.325811,127.091598,88.253028,12.001812,3.000000,0.000000,234.841675
"2022-03-03 00:05:14.001 +0000",1646265914.001316,37.325811,127.091598,88.253028,12.001812,3.000000,0.000000,234.841675
"2022-03-03 00:05:15.001 +0000",1646265915.001326,37.325811,127.091598,88.253028,12.001812,3.000000,0.000000,234.841675
"2022-03-03 00:05:16.001 +0000",1646265916.001334,37.325811,127.091598,88.253028,12.001812,3.000000,0.000000,234.841675
"2022-03-03 00:05:17.001 +0000",1646265917.001344,37.325811,127.091598,88.253028,8.001208,3.000000,0.000000,234.841675
"2022-03-03 00:05:18.001 +0000",1646265918.001353,37.325811,127.091598,88.253028,8.001208,3.000000,0.000000,234.841675
"2022-03-03 00:05:19.001 +0000",1646265919.001362,37.325811,127.091598,88.253028,8.001208,3.000000,0.000000,234.841675
"2022-03-03 00:05:20.001 +0000",1646265920.001371,37.325811,127.091598,88.253028,8.001208,3.000000,0.000000,234.841675
"2022-03-03 00:05:21.001 +0000",1646265921.001380,37.325802,127.091560,88.303791,8.001208,3.000000,0.057481,234.841675
"2022-03-03 00:05:22.001 +0000",1646265922.001390,37.325788,127.091566,88.345065,8.001208,3.000000,0.563443,234.841675
"2022-03-03 00:05:23.001 +0000",1646265923.001399,37.325783,127.091556,88.388489,8.001208,3.000000,1.231884,234.841675
"2022-03-03 00:05:24.001 +0000",1646265924.001408,37.325777,127.091538,88.433474,8.001208,3.000000,1.231884,234.841675
"2022-03-03 00:05:25.001 +0000",1646265925.001417,37.325762,127.091514,88.493028,8.001208,3.000000,2.161091,234.841675
"2022-03-03 00:05:26.001 +0000",1646265926.001427,37.325741,127.091479,88.562079,8.001208,3.000000,4.361488,234.841675
"2022-03-03 00:05:27.001 +0000",1646265927.001435,37.325714,127.091434,88.639263,8.001208,3.000000,5.525785,234.841675
"2022-03-03 00:05:28.001 +0000",1646265928.001444,37.325686,127.091380,88.710317,8.001208,3.000000,5.525785,234.841675
"2022-03-03 00:05:29.001 +0000",1646265929.001453,37.325654,127.091320,88.762556,8.001208,3.000000,6.132523,234.841675
"2022-03-03 00:05:30.001 +0000",1646265930.001463,37.325622,127.091260,88.816875,8.001208,3.000000,6.256938,234.841675
"2022-03-03 00:05:31.001 +0000",1646265931.001472,37.325590,127.091199,88.906991,8.001208,3.000000,6.631561,234.841675
"2022-03-03 00:05:32.001 +0000",1646265932.001481,37.325553,127.091138,89.060782,8.001208,3.000000,6.631561,234.841675
"2022-03-03 00:05:33.000 +0000",1646265932.999818,37.325514,127.091072,89.288684,8.001208,3.000000,7.085855,234.841675
"2022-03-03 00:05:34.000 +0000",1646265933.999827,37.325471,127.090999,89.427071,8.001208,3.000000,7.529274,234.841675
"2022-03-03 00:05:35.000 +0000",1646265934.999868,37.325425,127.090920,89.476767,8.001208,3.000000,8.638471,234.841675
"2022-03-03 00:05:36.000 +0000",1646265935.999918,37.325379,127.090836,89.528888,8.001208,3.000000,9.055725,234.841675
"2022-03-03 00:05:37.000 +0000",1646265936.999952,37.325332,127.090748,89.663155,8.001208,3.000000,9.055725,234.841675
"2022-03-03 00:05:38.000 +0000",1646265937.999992,37.325285,127.090651,89.761177,8.001208,3.000000,9.499361,234.841675
"2022-03-03 00:05:39.000 +0000",1646265939.000004,37.325234,127.090552,89.823816,8.001208,3.000000,9.980384,234.841675
"2022-03-03 00:05:40.000 +0000",1646265940.000026,37.325184,127.090450,89.863074,8.001208,3.000000,10.413437,233.179947
"2022-03-03 00:05:41.000 +0000",1646265941.000031,37.325130,127.090345,89.887605,8.001208,3.000000,10.413437,233.179947
"2022-03-03 00:05:42.000 +0000",1646265942.000046,37.325073,127.090240,89.902933,8.001208,3.000000,10.978501,233.179947
"2022-03-03 00:05:43.000 +0000",1646265943.000048,37.325003,127.090141,90.010065,8.001208,3.000000,11.396112,233.179947
"2022-03-03 00:05:44.000 +0000",1646265944.000060,37.324935,127.090035,90.337762,8.001208,3.000000,11.396112,233.179947
"2022-03-03 00:05:45.000 +0000",1646265945.000056,37.324871,127.089934,91.006681,8.001208,3.000000,11.054644,233.179947
"2022-03-03 00:05:46.000 +0000",1646265946.000061,37.324808,127.089835,91.813598,8.001208,3.000000,11.054644,233.179947
"2022-03-03 00:05:47.000 +0000",1646265947.000109,37.324741,127.089729,92.558194,8.001208,3.000000,11.611079,233.175323
"2022-03-03 00:05:48.000 +0000",1646265948.000078,37.324675,127.089621,93.134515,8.001208,3.000000,11.822524,233.175323
"2022-03-03 00:05:49.000 +0000",1646265949.000081,37.324609,127.089515,93.506769,6.000906,3.000000,11.611079,233.175323
"2022-03-03 00:05:50.000 +0000",1646265950.000092,37.324544,127.089410,93.740484,6.000906,3.000000,11.514966,233.175323
"2022-03-03 00:05:51.000 +0000",1646265951.000090,37.324481,127.089305,93.918042,6.000906,3.000000,11.480829,233.175323
"2022-03-03 00:05:52.000 +0000",1646265952.000099,37.324417,127.089200,94.047419,6.000906,3.000000,11.633547,233.175323
"2022-03-03 00:05:53.000 +0000",1646265953.000102,37.324351,127.089091,94.083284,6.000906,3.000000,11.895993,233.175323
"2022-03-03 00:05:54.000 +0000",1646265954.000106,37.324284,127.088981,94.294278,6.000906,3.000000,11.895993,233.175323
"2022-03-03 00:05:55.000 +0000",1646265955.000110,37.324216,127.088872,94.726885,6.000906,3.000000,12.236176,233.175323
"2022-03-03 00:05:56.000 +0000",1646265956.000114,37.324149,127.088758,95.328910,6.000906,3.000000,12.516072,233.175323
"2022-03-03 00:05:57.000 +0000",1646265957.000119,37.324079,127.088640,95.960141,6.000906,3.000000,13.144573,233.175323
"2022-03-03 00:05:58.000 +0000",1646265958.000124,37.324008,127.088515,96.501807,6.000906,3.000000,13.144573,233.175323
"2022-03-03 00:05:59.000 +0000",1646265959.000128,37.323935,127.088389,96.852502,6.000906,3.000000,13.528284,233.175323
"2022-03-03 00:06:00.000 +0000",1646265960.000133,37.323862,127.088265,96.874731,6.000906,3.000000,13.741628,233.175323
"2022-03-03 00:06:01.000 +0000",1646265961.000138,37.323785,127.088140,96.658354,6.000906,3.000000,14.000248,233.175323
"2022-03-03 00:06:02.000 +0000",1646265962.000142,37.323711,127.088006,96.500183,6.000906,3.000000,14.000248,233.175323
"2022-03-03 00:06:03.000 +0000",1646265963.000148,37.323634,127.087875,96.444383,6.000906,3.000000,14.270183,233.175323
"2022-03-03 00:06:04.000 +0000",1646265964.000153,37.323562,127.087743,96.405940,6.000906,3.000000,13.625866,233.520630
"2022-03-03 00:06:05.000 +0000",1646265965.000158,37.323491,127.087622,96.344177,6.000906,3.000000,13.625866,233.520630
"2022-03-03 00:06:06.000 +0000",1646265966.000164,37.323433,127.087517,96.301828,6.000906,3.000000,12.499703,233.520630
"2022-03-03 00:06:07.000 +0000",1646265967.000169,37.323380,127.087440,96.274996,6.000906,3.000000,10.046346,233.520630
"2022-03-03 00:06:08.000 +0000",1646265968.000174,37.323341,127.087379,96.258202,6.000906,3.000000,5.526652,233.520630
"2022-03-03 00:06:09.000 +0000",1646265969.000180,37.323314,127.087343,96.247713,4.000604,3.000000,5.526652,233.520630
"2022-03-03 00:06:10.000 +0000",1646265970.000186,37.323300,127.087322,96.191836,4.000604,3.000000,2.946198,233.520630
"2022-03-03 00:06:11.000 +0000",1646265971.000191,37.323292,127.087311,96.116244,4.000604,3.000000,1.585367,233.520630
"2022-03-03 00:06:12.000 +0000",1646265972.000197,37.323289,127.087309,96.044209,6.000906,3.000000,0.013483,233.520630
"2022-03-03 00:06:13.000 +0000",1646265973.000203,37.323282,127.087309,95.988487,4.000604,3.000000,0.021936,233.520630
"2022-03-03 00:06:14.000 +0000",1646265974.000209,37.323278,127.087305,95.934651,4.000604,3.000000,0.009168,233.520630
"2022-03-03 00:06:15.000 +0000",1646265975.000215,37.323275,127.087299,95.890327,4.000604,3.000000,0.099149,233.520630
"2022-03-03 00:06:16.000 +0000",1646265976.000220,37.323273,127.087295,95.852991,6.000906,3.000000,0.070495,233.520630
"2022-03-03 00:06:17.000 +0000",1646265977.000226,37.323280,127.087279,95.823268,6.000906,3.000000,0.138338,233.520630
"2022-03-03 00:06:18.000 +0000",1646265978.000232,37.323280,127.087278,95.789410,6.000906,3.000000,0.065808,233.520630
"2022-03-03 00:06:19.000 +0000",1646265979.000238,37.323279,127.087276,95.759925,6.000906,3.000000,0.138338,233.520630
"2022-03-03 00:06:20.000 +0000",1646265980.000244,37.323276,127.087272,95.737133,8.001208,3.000000,0.325217,233.520630
"2022-03-03 00:06:21.000 +0000",1646265981.000250,37.323274,127.087267,95.719740,8.001208,3.000000,0.096337,233.520630
"2022-03-03 00:06:22.000 +0000",1646265982.000256,37.323260,127.087277,95.700711,8.001208,3.000000,0.046270,233.520630
"2022-03-03 00:06:23.000 +0000",1646265983.000262,37.323261,127.087271,95.690150,8.001208,3.000000,0.019111,233.520630
"2022-03-03 00:06:24.000 +0000",1646265984.000269,37.323264,127.087270,95.687954,6.000906,3.000000,0.017320,233.520630
"2022-03-03 00:06:25.000 +0000",1646265985.000276,37.323266,127.087267,95.693790,6.000906,3.000000,0.033449,233.520630
"2022-03-03 00:06:26.000 +0000",1646265986.000281,37.323266,127.087267,95.693790,6.000906,3.000000,0.000000,233.520630
"2022-03-03 00:06:27.000 +0000",1646265987.000288,37.323266,127.087267,95.693790,8.001208,3.000000,0.000000,233.520630
"2022-03-03 00:06:28.000 +0000",1646265988.000294,37.323266,127.087267,95.693790,4.000604,3.000000,0.000000,233.520630
"2022-03-03 00:06:29.000 +0000",1646265989.000300,37.323266,127.087267,95.693790,4.000604,3.000000,0.000000,233.520630
"2022-03-03 00:06:30.000 +0000",1646265990.000307,37.323266,127.087267,95.693790,8.001208,3.000000,0.000000,233.520630
"2022-03-03 00:06:31.000 +0000",1646265991.000313,37.323266,127.087267,95.693790,8.001208,3.000000,0.000000,233.520630
"2022-03-03 00:06:32.000 +0000",1646265992.000319,37.323266,127.087267,95.693790,8.001208,3.000000,0.000000,233.520630
"2022-03-03 00:06:33.000 +0000",1646265993.000325,37.323266,127.087267,95.693790,8.001208,3.000000,0.000000,233.520630
"2022-03-03 00:06:34.000 +0000",1646265994.000331,37.323266,127.087267,95.693790,6.000906,3.000000,0.000000,233.520630
"2022-03-03 00:06:35.000 +0000",1646265995.000338,37.323266,127.087267,95.693790,8.001208,3.000000,0.000000,233.520630
"2022-03-03 00:06:36.000 +0000",1646265996.000344,37.323266,127.087267,95.693790,8.001208,3.000000,0.000000,233.520630
"2022-03-03 00:06:37.000 +0000",1646265997.000350,37.323266,127.087267,95.693790,12.001812,3.000000,0.000000,233.520630
"2022-03-03 00:06:38.000 +0000",1646265998.000358,37.323266,127.087267,95.693790,12.001812,3.000000,0.000000,233.520630
"2022-03-03 00:06:39.000 +0000",1646265999.000364,37.323266,127.087267,95.693790,12.001812,3.000000,0.000000,233.520630
"2022-03-03 00:06:40.000 +0000",1646266000.000370,37.323266,127.087267,95.693790,12.001812,3.000000,0.000000,233.520630
"2022-03-03 00:06:41.000 +0000",1646266001.000377,37.323266,127.087267,95.693790,8.001208,3.000000,0.000000,233.520630
"2022-03-03 00:06:42.000 +0000",1646266002.000382,37.323266,127.087267,95.693790,8.001208,3.000000,0.000000,233.520630
"2022-03-03 00:06:43.000 +0000",1646266003.000389,37.323266,127.087267,95.693790,8.001208,3.000000,0.000000,233.520630
"2022-03-03 00:06:44.000 +0000",1646266004.000396,37.323266,127.087267,95.693790,8.001208,3.000000,0.000000,233.520630
"2022-03-03 00:06:45.000 +0000",1646266005.000402,37.323266,127.087267,95.693790,8.001208,3.000000,0.000000,233.520630
"2022-03-03 00:06:46.000 +0000",1646266006.000409,37.323266,127.087267,95.693790,8.001208,3.000000,0.000000,233.520630
"2022-03-03 00:06:47.000 +0000",1646266007.000415,37.323266,127.087267,95.693790,6.000906,3.000000,0.000000,233.520630
"2022-03-03 00:06:48.000 +0000",1646266008.000422,37.323266,127.087267,95.693790,8.001208,3.000000,0.000000,233.520630
"2022-03-03 00:06:49.000 +0000",1646266009.000428,37.323266,127.087267,95.693790,8.001208,3.000000,0.000000,233.520630
"2022-03-03 00:06:50.000 +0000",1646266010.000435,37.323266,127.087267,95.693790,8.001208,3.000000,0.000000,233.520630
"2022-03-03 00:06:51.000 +0000",1646266011.000441,37.323266,127.087267,95.693790,8.001208,3.000000,0.000000,233.520630
"2022-03-03 00:06:52.000 +0000",1646266012.000447,37.323266,127.087267,95.693790,8.001208,3.000000,0.000000,233.520630
"2022-03-03 00:06:53.000 +0000",1646266013.000454,37.323266,127.087267,95.693790,8.001208,3.000000,0.000000,233.520630
"2022-03-03 00:06:54.000 +0000",1646266014.000461,37.323266,127.087267,95.693790,8.001208,3.000000,0.000000,233.520630
"2022-03-03 00:06:55.000 +0000",1646266015.000467,37.323266,127.087267,95.693790,8.001208,3.000000,0.000000,233.520630
"2022-03-03 00:06:56.000 +0000",1646266016.000473,37.323266,127.087267,95.693790,8.001208,3.000000,0.000000,233.520630
"2022-03-03 00:06:57.000 +0000",1646266017.000480,37.323266,127.087267,95.693790,6.000906,3.000000,0.000000,233.520630
"2022-03-03 00:06:58.000 +0000",1646266018.000487,37.323266,127.087267,95.693790,6.000906,3.000000,0.000000,233.520630
"2022-03-03 00:06:59.000 +0000",1646266019.000493,37.323266,127.087267,95.693790,6.000906,3.000000,0.000000,233.520630
"2022-03-03 00:07:00.001 +0000",1646266020.000500,37.323266,127.087267,95.693790,8.001208,3.000000,0.000000,233.520630
"2022-03-03 00:07:01.001 +0000",1646266021.000506,37.323266,127.087267,95.693790,8.001208,3.000000,0.000000,233.520630
"2022-03-03 00:07:02.001 +0000",1646266022.000513,37.323266,127.087267,95.693790,8.001208,3.000000,0.000000,233.520630
"2022-03-03 00:07:03.001 +0000",1646266023.000520,37.323266,127.087267,95.693790,8.001208,3.000000,0.000000,233.520630
"2022-03-03 00:07:04.001 +0000",1646266024.000525,37.323266,127.087267,95.693790,8.001208,3.000000,0.000000,233.520630
"2022-03-03 00:07:05.001 +0000",1646266025.000533,37.323266,127.087267,95.693790,8.001208,3.000000,0.000000,233.520630
"2022-03-03 00:07:06.001 +0000",1646266026.000539,37.323266,127.087267,95.693790,8.001208,3.000000,0.000000,233.520630
"2022-03-03 00:07:07.001 +0000",1646266027.000546,37.323266,127.087267,95.693790,8.001208,3.000000,0.000000,233.520630
"2022-03-03 00:07:08.001 +0000",1646266028.000552,37.323266,127.087267,95.693790,8.001208,3.000000,0.000000,233.520630
"2022-03-03 00:07:09.001 +0000",1646266029.000559,37.323266,127.087267,95.693790,8.001208,3.000000,0.000000,233.520630
"2022-03-03 00:07:10.001 +0000",1646266030.000565,37.323266,127.087267,95.693790,8.001208,3.000000,0.000000,233.520630
"2022-03-03 00:07:11.001 +0000",1646266031.000572,37.323266,127.087267,95.693790,8.001208,3.000000,0.000000,233.520630
"2022-03-03 00:07:12.001 +0000",1646266032.000578,37.323266,127.087267,95.693790,6.000906,3.000000,0.000000,233.520630
"2022-03-03 00:07:13.001 +0000",1646266033.000585,37.323266,127.087267,95.693790,6.000906,3.000000,0.000000,233.520630
"2022-03-03 00:07:14.001 +0000",1646266034.000591,37.323266,127.087267,95.693790,8.001208,3.000000,0.000000,233.520630
"2022-03-03 00:07:15.001 +0000",1646266035.000598,37.323266,127.087267,95.693790,8.001208,3.000000,0.000000,233.520630
"2022-03-03 00:07:16.001 +0000",1646266036.000605,37.323266,127.087267,95.693790,8.001208,3.000000,0.000000,233.520630
"2022-03-03 00:07:17.001 +0000",1646266037.000611,37.323266,127.087267,95.693790,8.001208,3.000000,0.000000,233.520630
"2022-03-03 00:07:18.001 +0000",1646266038.000617,37.323266,127.087267,95.693790,8.001208,3.000000,0.000000,233.520630
"2022-03-03 00:07:19.001 +0000",1646266039.000624,37.323266,127.087267,95.693790,8.001208,3.000000,0.000000,233.520630
"2022-03-03 00:07:20.001 +0000",1646266040.000630,37.323266,127.087267,95.693790,8.001208,3.000000,0.000000,233.520630
"2022-03-03 00:07:21.001 +0000",1646266041.000638,37.323266,127.087267,95.693790,8.001208,3.000000,0.000000,233.520630
"2022-03-03 00:07:22.001 +0000",1646266042.000644,37.323266,127.087267,95.693790,8.001208,3.000000,0.000000,233.520630
"2022-03-03 00:07:23.001 +0000",1646266043.000651,37.323266,127.087267,95.693790,8.001208,3.000000,0.000000,233.520630
"2022-03-03 00:07:24.001 +0000",1646266044.000658,37.323266,127.087267,95.693790,8.001208,3.000000,0.000000,233.520630
"2022-03-03 00:07:25.001 +0000",1646266045.000664,37.323266,127.087267,95.693790,8.001208,3.000000,0.000000,233.520630
"2022-03-03 00:07:26.001 +0000",1646266046.000671,37.323266,127.087267,95.693790,6.000906,3.000000,0.000000,233.520630
"2022-03-03 00:07:27.001 +0000",1646266047.000678,37.323266,127.087267,95.693790,8.001208,3.000000,0.000000,233.520630
"2022-03-03 00:07:28.001 +0000",1646266048.000684,37.323266,127.087267,95.693790,8.001208,3.000000,0.000000,233.520630
"2022-03-03 00:07:29.001 +0000",1646266049.000690,37.323266,127.087267,95.693790,8.001208,3.000000,0.000000,233.520630
"2022-03-03 00:07:30.001 +0000",1646266050.000696,37.323266,127.087267,95.693790,8.001208,3.000000,0.000000,233.520630
"2022-03-03 00:07:31.001 +0000",1646266051.000703,37.323266,127.087267,95.693790,6.000906,3.000000,0.000000,233.520630
"2022-03-03 00:07:32.001 +0000",1646266052.000710,37.323266,127.087267,95.693790,6.000906,3.000000,0.000000,233.520630
"2022-03-03 00:07:33.001 +0000",1646266053.000716,37.323266,127.087267,95.693790,6.000906,3.000000,0.000000,233.520630
"2022-03-03 00:07:34.001 +0000",1646266054.000723,37.323266,127.087267,95.693790,6.000906,3.000000,0.000000,233.520630
"2022-03-03 00:07:35.001 +0000",1646266055.000729,37.323266,127.087267,95.693790,6.000906,3.000000,0.000000,233.520630
"2022-03-03 00:07:36.001 +0000",1646266056.000736,37.323266,127.087267,95.693790,6.000906,3.000000,0.000000,233.520630
"2022-03-03 00:07:37.001 +0000",1646266057.000743,37.323266,127.087267,95.693790,6.000906,3.000000,0.000000,233.520630
"2022-03-03 00:07:38.001 +0000",1646266058.000749,37.323266,127.087267,95.693790,6.000906,3.000000,0.000000,233.520630
"2022-03-03 00:07:39.001 +0000",1646266059.000756,37.323266,127.087267,95.693790,6.000906,3.000000,0.000000,233.520630
"2022-03-03 00:07:40.001 +0000",1646266060.000762,37.323266,127.087267,95.693790,6.000906,3.000000,0.000000,233.520630
"2022-03-03 00:07:41.001 +0000",1646266061.000768,37.323259,127.087243,95.721012,6.000906,3.000000,0.221477,233.520630
"2022-03-03 00:07:42.001 +0000",1646266062.000774,37.323258,127.087242,95.668978,6.000906,3.000000,0.221477,233.520630
"2022-03-03 00:07:43.001 +0000",1646266063.000782,37.323254,127.087234,95.620997,8.001208,3.000000,0.375723,233.520630
"2022-03-03 00:07:44.001 +0000",1646266064.000788,37.323233,127.087232,95.584421,8.001208,3.000000,2.234953,233.520630
"2022-03-03 00:07:45.001 +0000",1646266065.000795,37.323216,127.087203,95.543444,8.001208,3.000000,3.639318,233.520630
"2022-03-03 00:07:46.001 +0000",1646266066.000801,37.323192,127.087163,95.494158,8.001208,3.000000,3.639318,233.520630
"2022-03-03 00:07:47.001 +0000",1646266067.000808,37.323156,127.087101,95.456064,4.000604,3.000000,5.725218,233.520630
"2022-03-03 00:07:48.001 +0000",1646266068.000814,37.323110,127.087021,95.460612,4.000604,3.000000,9.609291,233.520630
"2022-03-03 00:07:49.001 +0000",1646266069.000821,37.323053,127.086926,95.564159,4.000604,3.000000,10.753183,230.530396
"2022-03-03 00:07:50.001 +0000",1646266070.000828,37.322993,127.086818,95.789956,6.000906,3.000000,10.753183,230.530396
"2022-03-03 00:07:51.001 +0000",1646266071.000834,37.322924,127.086710,95.792534,6.000906,3.000000,11.732290,230.530396
"2022-03-03 00:07:52.001 +0000",1646266072.000841,37.322853,127.086596,95.603401,6.000906,3.000000,12.524776,230.530396
"2022-03-03 00:07:53.001 +0000",1646266073.000847,37.322773,127.086488,95.286449,6.000906,3.000000,13.140255,230.530396
"2022-03-03 00:07:54.001 +0000",1646266074.000854,37.322693,127.086380,94.875774,8.001208,3.000000,12.933506,230.530396
"2022-03-03 00:07:55.001 +0000",1646266075.000860,37.322616,127.086267,94.613840,6.000906,3.000000,13.054910,230.530396
"2022-03-03 00:07:56.001 +0000",1646266076.000867,37.322535,127.086154,94.563840,6.000906,3.000000,13.631900,219.555679
"2022-03-03 00:07:57.001 +0000",1646266077.000874,37.322450,127.086040,94.489269,6.000906,3.000000,14.136986,219.555679
"2022-03-03 00:07:58.001 +0000",1646266078.000880,37.322351,127.085933,94.383086,4.000604,3.000000,14.136986,219.555679
"2022-03-03 00:07:59.001 +0000",1646266079.000887,37.322247,127.085829,94.120510,4.000604,3.000000,14.498160,219.555679
"2022-03-03 00:08:00.001 +0000",1646266080.000894,37.322141,127.085727,93.538001,4.000604,3.000000,14.775541,219.555679
"2022-03-03 00:08:01.001 +0000",1646266081.000900,37.322033,127.085623,92.975759,4.000604,3.000000,15.009780,219.555679
"2022-03-03 00:08:02.001 +0000",1646266082.000907,37.321919,127.085529,92.306917,6.000906,3.000000,14.920307,213.801224
"2022-03-03 00:08:03.001 +0000",1646266083.000914,37.321808,127.085437,91.523271,6.000906,3.000000,14.920307,213.801224
"2022-03-03 00:08:04.001 +0000",1646266084.000920,37.321698,127.085350,91.089423,6.000906,3.000000,14.080895,213.801224
"2022-03-03 00:08:05.001 +0000",1646266085.000926,37.321598,127.085246,90.729989,6.000906,3.000000,14.315557,209.144211
"2022-03-03 00:08:06.001 +0000",1646266086.000932,37.321484,127.085166,90.233746,4.000604,3.000000,14.315557,209.144211
"2022-03-03 00:08:07.001 +0000",1646266087.000939,37.321369,127.085086,89.663040,6.000906,3.000000,14.452713,209.145874
"2022-03-03 00:08:08.001 +0000",1646266088.000946,37.321253,127.085005,88.928841,6.000906,3.000000,14.756546,209.145874
"2022-03-03 00:08:09.001 +0000",1646266089.000953,37.321134,127.084922,88.136448,6.000906,3.000000,15.263453,209.145874
"2022-03-03 00:08:10.001 +0000",1646266090.000958,37.321000,127.084858,87.305730,6.000906,3.000000,15.263453,205.597992
"2022-03-03 00:08:11.001 +0000",1646266091.000966,37.320871,127.084772,86.720460,6.000906,3.000000,15.813859,205.597992
"2022-03-03 00:08:12.001 +0000",1646266092.000972,37.320741,127.084683,86.348287,6.000906,3.000000,16.541788,205.597992
"2022-03-03 00:08:13.001 +0000",1646266093.000979,37.320608,127.084592,86.115177,6.000906,3.000000,16.850300,205.597992
"2022-03-03 00:08:14.001 +0000",1646266094.000986,37.320461,127.084527,85.969526,6.000906,3.000000,16.850300,205.597992
"2022-03-03 00:08:15.001 +0000",1646266095.000991,37.320326,127.084435,85.878544,6.000906,3.000000,16.869928,205.597992
"2022-03-03 00:08:16.001 +0000",1646266096.000999,37.320205,127.084308,85.821724,6.000906,3.000000,16.586548,205.597992
"2022-03-03 00:08:17.001 +0000",1646266097.001004,37.320067,127.084220,85.786242,6.000906,3.000000,16.586548,207.378159
"2022-03-03 00:08:18.001 +0000",1646266098.001011,37.319946,127.084133,85.764078,8.001208,3.000000,16.263908,207.378159
"2022-03-03 00:08:19.001 +0000",1646266099.001018,37.319806,127.084069,85.750230,8.001208,3.000000,15.656383,207.378159
"2022-03-03 00:08:20.001 +0000",1646266100.001025,37.319686,127.083984,85.741588,8.001208,3.000000,15.123244,207.378159
"2022-03-03 00:08:21.001 +0000",1646266101.001031,37.319577,127.083900,85.736191,8.001208,3.000000,15.123244,207.378159
"2022-03-03 00:08:22.001 +0000",1646266102.001038,37.319451,127.083810,85.732816,8.001208,3.000000,14.589530,207.378159
"2022-03-03 00:08:23.001 +0000",1646266103.001044,37.319340,127.083749,85.932519,8.001208,3.000000,13.757849,207.378159
"2022-03-03 00:08:24.001 +0000",1646266104.001051,37.319250,127.083675,86.389532,8.001208,3.000000,10.432271,207.378159
"2022-03-03 00:08:25.001 +0000",1646266105.001058,37.319178,127.083624,86.855639,8.001208,3.000000,10.432271,207.378159
"2022-03-03 00:08:26.001 +0000",1646266106.001064,37.319136,127.083617,87.212009,8.001208,3.000000,8.616469,207.378159
"2022-03-03 00:08:27.001 +0000",1646266107.001070,37.319127,127.083611,87.442345,8.001208,3.000000,5.789514,251.034888
"2022-03-03 00:08:28.001 +0000",1646266108.001078,37.319069,127.083330,87.586983,15.474323,3.000000,6.514258,296.716095
"2022-03-03 00:08:29.001 +0000",1646266109.001085,37.319110,127.083230,87.677397,8.001208,3.000000,7.357144,296.716095
"2022-03-03 00:08:30.001 +0000",1646266110.001090,37.319132,127.083173,87.733872,8.001208,3.000000,7.357144,296.716095
"2022-03-03 00:08:31.001 +0000",1646266111.001097,37.319160,127.083103,87.769141,8.001208,3.000000,7.973536,296.716095
"2022-03-03 00:08:32.001 +0000",1646266112.001104,37.319195,127.083016,87.791173,13.220303,3.000000,10.008090,296.716095
"2022-03-03 00:08:33.001 +0000",1646266113.001110,37.319233,127.082921,87.804933,13.470595,3.000000,10.008090,296.716095
"2022-03-03 00:08:34.001 +0000",1646266114.001117,37.319266,127.082840,87.813525,17.893854,3.000000,9.654983,296.716095
"2022-03-03 00:08:35.001 +0000",1646266115.001123,37.319312,127.082725,87.818889,15.438120,3.000000,9.654983,296.716095
"2022-03-03 00:08:36.001 +0000",1646266116.001130,37.319355,127.082618,87.822240,15.077275,3.000000,10.073545,296.716095
"2022-03-03 00:08:37.001 +0000",1646266117.001135,37.319396,127.082516,88.047177,8.001208,3.000000,10.737899,296.716095
"2022-03-03 00:08:38.001 +0000",1646266118.001143,37.319444,127.082398,88.523592,8.001208,3.000000,10.737899,296.716095
"2022-03-03 00:08:39.001 +0000",1646266119.001150,37.319495,127.082261,89.028038,8.001208,3.000000,11.159472,295.520966
"2022-03-03 00:08:40.001 +0000",1646266120.001156,37.319547,127.082126,89.363790,8.001208,3.000000,11.694486,295.520966
"2022-03-03 00:08:41.001 +0000",1646266121.001162,37.319641,127.082014,89.644263,8.001208,3.000000,11.983871,314.258698
"2022-03-03 00:08:42.001 +0000",1646266122.001169,37.319717,127.081916,89.852088,8.001208,3.000000,11.736674,314.258698
"2022-03-03 00:08:43.001 +0000",1646266123.001176,37.319794,127.081818,89.921512,8.001208,3.000000,11.983871,314.258698
"2022-03-03 00:08:44.001 +0000",1646266124.001182,37.319871,127.081721,90.251782,8.001208,3.000000,12.924008,314.258698
"2022-03-03 00:08:45.001 +0000",1646266125.001188,37.319965,127.081637,90.735091,8.001208,3.000000,13.333660,319.922791
"2022-03-03 00:08:46.001 +0000",1646266126.001195,37.320039,127.081524,91.212026,12.001812,3.000000,13.100061,319.922791
"2022-03-03 00:08:47.001 +0000",1646266127.001203,37.320140,127.081436,91.517884,12.001812,3.000000,13.100061,320.433533
"2022-03-03 00:08:48.001 +0000",1646266128.001208,37.320227,127.081346,91.709708,12.001812,3.000000,12.228099,320.433533
"2022-03-03 00:08:49.001 +0000",1646266129.001215,37.320310,127.081260,91.829587,12.001812,3.000000,12.228099,320.433533
"2022-03-03 00:08:50.001 +0000",1646266130.001222,37.320401,127.081166,92.027216,12.001812,3.000000,11.995917,320.433533
"2022-03-03 00:08:51.001 +0000",1646266131.001227,37.320491,127.081072,92.218194,12.001812,3.000000,11.995917,320.433533
"2022-03-03 00:08:52.001 +0000",1646266132.001235,37.320591,127.080969,92.206448,12.001812,3.000000,12.891024,320.196960
"2022-03-03 00:08:53.001 +0000",1646266133.001241,37.320698,127.080856,92.145769,12.001812,3.000000,13.728730,320.196960
"2022-03-03 00:08:54.001 +0000",1646266134.001247,37.320801,127.080749,92.102533,12.001812,3.000000,13.728730,320.196960
"2022-03-03 00:08:55.001 +0000",1646266135.001255,37.320904,127.080652,92.044816,12.001812,3.000000,13.728730,324.368195
"2022-03-03 00:08:56.001 +0000",1646266136.001261,37.321001,127.080541,91.869319,8.001208,3.000000,13.782381,324.368195
"2022-03-03 00:08:57.001 +0000",1646266137.001267,37.321121,127.080455,91.912324,8.001208,3.000000,14.072856,324.368195
"2022-03-03 00:08:58.001 +0000",1646266138.001274,37.321235,127.080362,91.929802,8.001208,3.000000,14.072856,329.909149
"2022-03-03 00:08:59.001 +0000",1646266139.001281,37.321335,127.080269,91.647333,8.001208,3.000000,14.920999,329.909149
"2022-03-03 00:09:00.001 +0000",1646266140.001287,37.321464,127.080174,91.204352,8.001208,3.000000,14.981334,329.909149
"2022-03-03 00:09:01.001 +0000",1646266141.001294,37.321585,127.080085,91.009548,8.001208,3.000000,14.981334,329.909149
"2022-03-03 00:09:02.001 +0000",1646266142.001300,37.321706,127.080002,91.124397,8.001208,3.000000,14.715796,326.056458
"2022-03-03 00:09:03.001 +0000",1646266143.001307,37.321816,127.079923,91.433535,8.001208,3.000000,14.660161,322.391998
"2022-03-03 00:09:04.001 +0000",1646266144.001314,37.321923,127.079819,91.745164,8.001208,3.000000,13.535279,321.114899
"2022-03-03 00:09:05.001 +0000",1646266145.001320,37.322023,127.079714,91.874510,8.001208,3.000000,13.535279,321.114899
"2022-03-03 00:09:06.001 +0000",1646266146.001327,37.322072,127.079601,91.949504,8.001208,3.000000,13.342687,304.095154
"2022-03-03 00:09:07.001 +0000",1646266147.001333,37.322121,127.079438,92.108861,8.001208,3.000000,13.342687,304.095154
"2022-03-03 00:09:08.001 +0000",1646266148.001340,37.322203,127.079325,92.365824,8.001208,3.000000,13.814739,301.155060
"2022-03-03 00:09:09.001 +0000",1646266149.001346,37.322251,127.079191,92.620564,8.001208,3.000000,13.814739,289.681702
"2022-03-03 00:09:10.001 +0000",1646266150.001354,37.322290,127.079056,92.928593,8.001208,3.000000,13.602515,289.681702
"2022-03-03 00:09:11.001 +0000",1646266151.001361,37.322323,127.078937,93.329257,8.001208,3.000000,11.985671,289.681702
"2022-03-03 00:09:12.001 +0000",1646266152.001366,37.322358,127.078816,93.793451,8.001208,3.000000,11.411755,289.159607
"2022-03-03 00:09:13.001 +0000",1646266153.001373,37.322370,127.078684,94.291470,12.001812,3.000000,11.411755,289.159607
"2022-03-03 00:09:14.001 +0000",1646266154.001379,37.322408,127.078541,95.122544,12.001812,3.000000,11.163980,289.159607
"2022-03-03 00:09:15.001 +0000",1646266155.001386,37.322465,127.078423,95.964258,12.001812,3.000000,10.596937,296.781647
"2022-03-03 00:09:16.001 +0000",1646266156.001393,37.322497,127.078305,96.774330,12.001812,3.000000,10.221761,296.781647
"2022-03-03 00:09:17.001 +0000",1646266157.001399,37.322549,127.078166,97.431659,8.001208,3.000000,10.583508,304.088470
"2022-03-03 00:09:18.001 +0000",1646266158.001406,37.322615,127.078081,98.078590,8.001208,3.000000,10.583508,304.088470
"2022-03-03 00:09:19.001 +0000",1646266159.001411,37.322669,127.077971,98.553134,8.001208,3.000000,11.062097,304.088470
"2022-03-03 00:09:20.001 +0000",1646266160.001419,37.322718,127.077870,98.916830,8.001208,3.000000,10.685356,304.088470
"2022-03-03 00:09:21.001 +0000",1646266161.001425,37.322782,127.077771,99.266702,12.001812,3.000000,10.685356,304.088470
"2022-03-03 00:09:22.001 +0000",1646266162.001431,37.322830,127.077676,99.670761,8.001208,3.000000,9.745790,304.088470
"2022-03-03 00:09:23.001 +0000",1646266163.001438,37.322870,127.077601,99.867530,8.001208,3.000000,8.615396,304.088470
"2022-03-03 00:09:24.001 +0000",1646266164.001445,37.322913,127.077519,99.984614,8.001208,3.000000,6.483596,304.088470
"2022-03-03 00:09:25.001 +0000",1646266165.001451,37.322955,127.077498,100.119775,8.001208,3.000000,6.483596,304.088470
"2022-03-03 00:09:26.001 +0000",1646266166.001458,37.322975,127.077451,100.233541,8.001208,3.000000,5.009090,339.868656
"2022-03-03 00:09:27.001 +0000",1646266167.001464,37.323092,127.077469,100.307533,8.001208,3.000000,3.936469,24.079226
"2022-03-03 00:09:28.001 +0000",1646266168.001472,37.323139,127.077495,100.233949,8.001208,3.000000,4.724677,24.079226
"2022-03-03 00:09:29.001 +0000",1646266169.001478,37.323190,127.077524,99.986718,8.001208,3.000000,5.958570,24.079351
"2022-03-03 00:09:30.001 +0000",1646266170.001485,37.323240,127.077552,99.637362,16.372168,3.000000,5.958570,24.079351
"2022-03-03 00:09:31.001 +0000",1646266171.001491,37.323297,127.077584,99.264371,15.216064,3.000000,7.206361,24.079351
"2022-03-03 00:09:32.001 +0000",1646266172.001497,37.323354,127.077615,98.962507,14.983752,3.000000,7.795710,24.079351
"2022-03-03 00:09:33.002 +0000",1646266173.001504,37.323424,127.077655,98.734883,8.001208,3.000000,7.795710,24.079351
"2022-03-03 00:09:34.002 +0000",1646266174.001510,37.323481,127.077679,98.584150,12.001812,3.000000,7.311502,19.670067
"2022-03-03 00:09:35.002 +0000",1646266175.001516,37.323537,127.077703,98.489151,12.001812,3.000000,7.073918,10.853561
"2022-03-03 00:09:36.002 +0000",1646266176.001523,37.323599,127.077718,98.429732,12.001812,3.000000,6.093033,10.853561
"2022-03-03 00:09:37.002 +0000",1646266177.001530,37.323653,127.077731,98.392617,12.001812,3.000000,6.093033,10.853561
"2022-03-03 00:09:38.002 +0000",1646266178.001537,37.323710,127.077745,98.369432,12.001812,3.000000,5.942284,10.853561
"2022-03-03 00:09:39.002 +0000",1646266179.001543,37.323760,127.077757,98.354953,12.001812,3.000000,5.779105,8.918906
"2022-03-03 00:09:40.002 +0000",1646266180.001549,37.323830,127.077768,98.345911,12.001812,3.000000,4.631946,3.536573
"2022-03-03 00:09:41.002 +0000",1646266181.001556,37.323843,127.077748,98.340262,12.001812,3.000000,4.631946,3.536573
"2022-03-03 00:09:42.002 +0000",1646266182.001564,37.323846,127.077748,98.336737,12.001812,3.000000,2.688092,3.536573
"2022-03-03 00:09:43.002 +0000",1646266183.001569,37.323858,127.077749,98.334531,12.001812,3.000000,0.103295,3.536573
"2022-03-03 00:09:44.002 +0000",1646266184.001576,37.323855,127.077749,98.333157,8.001208,3.000000,0.037881,3.536573
"2022-03-03 00:09:45.002 +0000",1646266185.001583,37.323850,127.077748,98.332298,8.001208,3.000000,0.079047,3.536573
"2022-03-03 00:09:46.002 +0000",1646266186.001590,37.323845,127.077748,98.331759,8.001208,3.000000,0.079047,3.536573
"2022-03-03 00:09:47.002 +0000",1646266187.001596,37.323852,127.077748,98.331424,8.001208,3.000000,0.169134,3.536573
"2022-03-03 00:09:48.002 +0000",1646266188.001602,37.323850,127.077748,98.331219,6.000906,3.000000,0.077063,3.536573
"2022-03-03 00:09:49.002 +0000",1646266189.001609,37.323840,127.077747,98.331088,8.001208,3.000000,0.226639,3.536573
"2022-03-03 00:09:50.002 +0000",1646266190.001616,37.323839,127.077747,98.331007,8.001208,3.000000,0.226639,3.536573
"2022-03-03 00:09:51.002 +0000",1646266191.001622,37.323847,127.077748,98.330950,8.001208,3.000000,0.106342,3.536573
"2022-03-03 00:09:52.002 +0000",1646266192.001629,37.323829,127.077747,98.330917,8.001208,3.000000,0.111555,3.536573
"2022-03-03 00:09:53.002 +0000",1646266193.001636,37.323825,127.077746,98.330900,8.001208,3.000000,0.109258,3.536573
"2022-03-03 00:09:54.002 +0000",1646266194.001642,37.323840,127.077747,98.330892,8.001208,3.000000,0.136207,3.536573
"2022-03-03 00:09:55.002 +0000",1646266195.001648,37.323835,127.077747,98.330884,8.001208,3.000000,0.159473,3.536573
"2022-03-03 00:09:56.002 +0000",1646266196.001656,37.323840,127.077747,98.330876,8.001208,3.000000,0.136400,3.536573
"2022-03-03 00:09:57.002 +0000",1646266197.001662,37.323854,127.077743,98.330875,12.001812,3.000000,0.017443,3.536573
"2022-03-03 00:09:58.002 +0000",1646266198.001668,37.323854,127.077743,98.330875,12.001812,3.000000,0.000000,3.536573
"2022-03-03 00:09:59.002 +0000",1646266199.001675,37.323854,127.077743,98.330875,12.001812,3.000000,0.000000,3.536573
"2022-03-03 00:10:00.002 +0000",1646266200.001682,37.323854,127.077743,98.330875,12.001812,3.000000,0.000000,3.536573
"2022-03-03 00:10:01.002 +0000",1646266201.001687,37.323854,127.077743,98.330875,12.001812,3.000000,0.000000,3.536573
"2022-03-03 00:10:02.002 +0000",1646266202.001694,37.323854,127.077743,98.330875,12.001812,3.000000,0.000000,3.536573
"2022-03-03 00:10:03.002 +0000",1646266203.001700,37.323854,127.077743,98.330875,12.001812,3.000000,0.000000,3.536573
"2022-03-03 00:10:04.002 +0000",1646266204.001707,37.323885,127.077751,98.330868,12.001812,3.000000,0.412665,3.536573
"2022-03-03 00:10:05.002 +0000",1646266205.001714,37.323875,127.077750,98.330868,12.001812,3.000000,0.837513,3.536573
"2022-03-03 00:10:06.002 +0000",1646266206.001721,37.323869,127.077750,98.330868,12.001812,3.000000,0.837513,3.536573
"2022-03-03 00:10:07.002 +0000",1646266207.001727,37.323878,127.077750,98.330868,12.001812,3.000000,1.195013,3.536573
"2022-03-03 00:10:08.002 +0000",1646266208.001733,37.323903,127.077752,98.330868,12.001812,3.000000,2.519989,3.536573
"2022-03-03 00:10:09.002 +0000",1646266209.001740,37.323932,127.077755,98.362625,12.001812,3.000000,3.601709,3.536573
"2022-03-03 00:10:10.002 +0000",1646266210.001747,37.323986,127.077759,98.447319,12.001812,3.000000,3.601709,3.536573
"2022-03-03 00:10:11.002 +0000",1646266211.001754,37.324071,127.077777,98.623935,8.001208,3.000000,4.494604,353.858124
"2022-03-03 00:10:12.002 +0000",1646266212.001760,37.324116,127.077787,99.000300,12.001812,3.000000,5.784845,353.632996
"2022-03-03 00:10:13.002 +0000",1646266213.001766,37.324180,127.077773,99.378815,8.001208,3.000000,6.227561,353.632996
"2022-03-03 00:10:14.002 +0000",1646266214.001773,37.324241,127.077717,99.747046,8.001208,3.000000,6.227561,339.111267
"2022-03-03 00:10:15.002 +0000",1646266215.001780,37.324318,127.077680,99.973548,8.001208,3.000000,7.470948,339.111267
"2022-03-03 00:10:16.002 +0000",1646266216.001786,37.324404,127.077615,100.103211,8.001208,3.000000,8.557248,319.683197
"2022-03-03 00:10:17.002 +0000",1646266217.001792,37.324466,127.077549,100.221592,8.001208,3.000000,8.557248,319.683197
"2022-03-03 00:10:18.002 +0000",1646266218.001801,37.324521,127.077490,100.450986,8.001208,3.000000,7.933599,319.683197
"2022-03-03 00:10:19.002 +0000",1646266219.001806,37.324574,127.077434,100.742088,8.001208,3.000000,7.931249,319.683197
"2022-03-03 00:10:20.002 +0000",1646266220.001813,37.324610,127.077372,101.058237,8.001208,3.000000,7.478753,307.147766
"2022-03-03 00:10:21.002 +0000",1646266221.001819,37.324650,127.077306,101.412754,8.001208,3.000000,7.478753,307.147766
"2022-03-03 00:10:22.002 +0000",1646266222.001825,37.324688,127.077243,101.751497,8.001208,3.000000,7.190396,307.147766
"2022-03-03 00:10:23.002 +0000",1646266223.001833,37.324716,127.077183,102.071572,8.001208,3.000000,6.576045,303.065521
"2022-03-03 00:10:24.002 +0000",1646266224.001839,37.324733,127.077119,102.131629,8.001208,3.000000,5.641127,303.067322
"2022-03-03 00:10:25.002 +0000",1646266225.001845,37.324756,127.077065,102.035290,8.001208,3.000000,5.641127,303.067322
"2022-03-03 00:10:26.002 +0000",1646266226.001852,37.324775,127.077020,101.879401,6.000906,3.000000,5.112534,303.067322
"2022-03-03 00:10:27.002 +0000",1646266227.001858,37.324790,127.076988,101.708808,6.000906,3.000000,3.924391,303.067322
"2022-03-03 00:10:28.002 +0000",1646266228.001865,37.324799,127.076970,101.552154,8.001208,3.000000,0.726157,303.067322
"2022-03-03 00:10:29.002 +0000",1646266229.001871,37.324804,127.076958,101.423872,8.001208,3.000000,0.045150,303.067322
"2022-03-03 00:10:30.002 +0000",1646266230.001879,37.324804,127.076949,101.323538,8.001208,3.000000,0.241485,303.067322
"2022-03-03 00:10:31.002 +0000",1646266231.001885,37.324805,127.076947,101.237747,8.001208,3.000000,0.006476,303.067322
"2022-03-03 00:10:32.002 +0000",1646266232.001891,37.324804,127.076944,101.177978,8.001208,3.000000,0.357181,303.067322
"2022-03-03 00:10:33.002 +0000",1646266233.001898,37.324820,127.076950,101.130459,8.001208,3.000000,0.068639,303.067322
"2022-03-03 00:10:34.002 +0000",1646266234.001905,37.324822,127.076946,101.105513,8.001208,3.000000,0.049587,303.067322
"2022-03-03 00:10:35.002 +0000",1646266235.001911,37.324823,127.076945,101.092382,8.001208,3.000000,0.153743,303.067322
"2022-03-03 00:10:36.002 +0000",1646266236.001917,37.324824,127.076942,101.083647,6.000906,3.000000,0.152967,303.067322
"2022-03-03 00:10:37.002 +0000",1646266237.001924,37.324825,127.076941,101.081125,8.001208,3.000000,0.000664,303.067322
"2022-03-03 00:10:38.002 +0000",1646266238.001931,37.324825,127.076942,101.082548,8.001208,3.000000,0.034935,303.067322
"2022-03-03 00:10:39.002 +0000",1646266239.001937,37.324823,127.076944,101.087531,8.001208,3.000000,0.075988,303.067322
"2022-03-03 00:10:40.002 +0000",1646266240.001944,37.324811,127.076931,101.086876,8.001208,3.000000,0.290322,303.067322
"2022-03-03 00:10:41.002 +0000",1646266241.001951,37.324814,127.076928,101.091336,8.001208,3.000000,0.112936,303.067322
"2022-03-03 00:10:42.002 +0000",1646266242.001957,37.324814,127.076929,101.103077,8.001208,3.000000,0.179679,303.067322
"2022-03-03 00:10:43.002 +0000",1646266243.001964,37.324821,127.076932,101.111990,8.001208,3.000000,0.136530,303.067322
"2022-03-03 00:10:44.002 +0000",1646266244.001971,37.324816,127.076933,101.135279,8.001208,3.000000,0.000615,303.067322
"2022-03-03 00:10:45.002 +0000",1646266245.001977,37.324812,127.076934,101.139043,8.001208,3.000000,0.067134,303.067322
"2022-03-03 00:10:46.002 +0000",1646266246.001984,37.324811,127.076932,101.128969,8.001208,3.000000,0.175978,303.067322
"2022-03-03 00:10:47.002 +0000",1646266247.001989,37.324810,127.076932,101.118520,8.001208,3.000000,0.175978,303.067322
"2022-03-03 00:10:48.002 +0000",1646266248.001997,37.324825,127.076941,101.110039,8.001208,3.000000,0.173102,303.067322
"2022-03-03 00:10:49.002 +0000",1646266249.002002,37.324825,127.076941,101.105201,12.001812,3.000000,0.239139,303.067322
"2022-03-03 00:10:50.002 +0000",1646266250.002009,37.324825,127.076941,101.105201,12.001812,3.000000,0.000000,303.067322
"2022-03-03 00:10:51.002 +0000",1646266251.002016,37.324825,127.076941,101.105201,12.001812,3.000000,0.000000,303.067322
"2022-03-03 00:10:52.002 +0000",1646266252.002023,37.324825,127.076941,101.105201,12.001812,3.000000,0.000000,303.067322
"2022-03-03 00:10:53.002 +0000",1646266253.002030,37.324825,127.076941,101.105201,12.001812,3.000000,0.000000,303.067322
"2022-03-03 00:10:54.002 +0000",1646266254.002036,37.324825,127.076941,101.105201,8.001208,3.000000,0.000000,303.067322
"2022-03-03 00:10:55.002 +0000",1646266255.002043,37.324825,127.076941,101.105201,8.001208,3.000000,0.000000,303.067322
"2022-03-03 00:10:56.002 +0000",1646266256.002049,37.324812,127.076929,101.093753,8.001208,3.000000,0.271863,303.067322
"2022-03-03 00:10:57.002 +0000",1646266257.002055,37.324827,127.076937,101.100277,8.001208,3.000000,0.225726,303.067322
"2022-03-03 00:10:58.002 +0000",1646266258.002062,37.324813,127.076926,101.101753,8.001208,3.000000,0.271863,303.067322
"2022-03-03 00:10:59.002 +0000",1646266259.002069,37.324827,127.076937,101.107936,8.001208,3.000000,0.120798,303.067322
"2022-03-03 00:11:00.002 +0000",1646266260.002076,37.324828,127.076936,101.108733,8.001208,3.000000,0.168468,303.067322
